claim_id,policy_id,claim_date,claim_type,claim_amount,status
1,1436,2022-10-09,22,5357.7,1
2,700,2021-04-16,11,3323.89,1
3,1532,2016-02-08,15,12636.78,1
4,434,2019-11-18,21,11189.61,1
5,1374,2025-02-23,13,63503.49,1
6,366,1996-08-05,21,27273.96,1
7,2311,2026-09-17,18,4860.77,1
8,1574,2000-09-30,21,19394.37,1
9,1315,2004-10-07,17,6301.65,1
10,2342,2020-05-15,5,449630.43,1
11,1183,2026-02-26,18,13619.75,1
12,2397,2018-03-09,8,871241.89,1
13,446,2007-06-22,17,4292.9,1
14,862,2022-07-01,21,28598.7,1
15,781,2009-04-10,4,415074.67,1
16,1019,2013-06-18,13,31383.21,1
17,84,2026-06-03,5,403465.51,1
18,2023,2024-06-04,20,79295.54,1
19,1398,2026-09-09,2,6668.82,1
20,1421,2002-12-23,14,52627.74,1
21,663,2026-08-02,21,18389.79,1
22,2186,2014-09-15,8,370036.26,1
23,150,2026-09-04,21,9016.94,1
24,697,2026-07-30,18,12569.88,1
25,470,2024-08-01,14,34668.01,1
26,884,2024-04-09,20,40500.53,1
27,421,2026-06-21,1,8576.08,1
28,2315,2012-03-22,7,397147.94,1
29,1737,2021-05-24,19,28747.34,1
30,210,2001-05-16,12,26310.45,1
31,512,2012-06-13,23,20493.2,1
32,2449,1979-10-08,18,4538.31,1
33,963,2019-04-02,14,54784.5,1
34,1883,2026-09-25,16,3739.16,1
35,2409,2007-09-14,5,975585.86,1
36,518,2021-07-02,9,4362.7,1
37,673,2025-10-27,10,14683.1,1
38,1830,2006-02-01,7,63128.04,1
39,81,2021-03-23,15,18166.88,1
40,2469,2015-06-15,14,27794.54,1
41,1083,2013-12-11,8,208854.11,1
42,1971,2022-07-17,3,13142.42,1
43,2092,2026-01-12,9,20133.89,1
44,213,2023-08-23,14,33841.31,1
45,2224,2023-11-24,22,2637.9,1
46,1280,2026-08-31,8,156431.78,1
47,2089,2026-03-10,21,30855.24,1
48,122,2012-12-03,23,84722.75,1
49,1891,2022-09-26,5,313403.03,1
50,1764,2025-07-15,17,748.99,1
51,29,2026-07-24,22,11040.66,2
52,855,2026-09-19,4,459944.69,1
53,2439,2016-07-26,14,13235.65,1
54,1616,2020-01-03,2,7981.18,1
55,248,2020-06-02,16,800.58,1
56,25,2017-03-04,10,23209.48,1
57,2463,2025-10-29,19,45181.06,1
58,22,2022-12-13,15,20467.36,1
59,1944,2024-11-15,14,69562.15,1
60,527,2016-09-08,22,2777.73,1
61,2197,2013-09-03,16,3245.07,1
62,145,2024-12-21,14,26754.15,1
63,1409,2019-09-02,9,15031.86,1
64,1756,2023-10-04,3,9507.97,1
65,641,2024-06-08,8,141325.71,1
66,1255,2005-12-12,13,50211.44,1
67,277,2025-07-20,19,10567.21,1
68,1145,2013-02-06,21,14619.0,1
69,1507,2022-01-10,1,10107.67,1
70,479,2026-02-10,1,27781.76,1
71,2080,2020-04-20,3,31004.11,1
72,244,2019-04-04,21,29607.12,1
73,860,2026-06-13,15,10184.21,1
74,374,2019-07-19,8,259966.59,1
75,504,2015-10-22,3,14970.93,1
76,311,2024-07-18,3,18369.57,1
77,1179,2018-03-28,21,19276.38,1
78,792,2026-05-26,20,35128.37,1
79,1094,2003-07-27,9,7527.31,1
80,2486,2026-07-01,16,2622.78,1
81,900,2014-05-08,5,683941.49,1
82,338,2022-10-10,8,584414.96,1
83,669,2026-07-03,15,17231.02,1
84,2389,2000-03-12,13,113748.28,1
85,751,2009-06-08,1,44662.11,1
86,1878,2012-01-14,18,4874.66,1
87,285,2023-06-06,2,2408.47,1
88,2360,2016-07-12,7,785082.83,1
89,617,2009-05-01,17,3505.1,1
90,1692,2026-08-29,20,16373.2,2
91,410,2024-01-15,13,50859.68,1
92,1148,2026-03-02,13,53528.96,1
93,450,2024-04-18,1,46090.84,1
94,2026,2020-08-06,6,313738.94,1
95,557,2026-01-22,3,13281.29,1
96,507,2025-09-11,1,29670.1,1
97,324,2025-09-22,18,8298.08,1
98,1257,2025-04-16,20,49997.48,1
99,1779,2025-12-11,6,92377.77,1
100,846,2019-04-21,2,13546.58,1
101,9,2011-01-08,1,9704.63,1
102,1453,2000-03-17,23,125895.52,1
103,1703,2024-01-23,10,16129.22,1
104,1179,2018-07-06,23,11158.75,1
105,1370,2024-03-03,23,161054.48,1
106,2453,1999-07-03,4,210577.95,1
107,2238,2005-12-02,5,590803.0,1
108,1424,2026-08-02,8,564038.42,1
109,305,2026-09-19,23,19242.74,2
110,561,2026-07-17,4,1253196.64,1
111,1761,2020-10-24,21,16149.89,1
112,287,2015-07-20,12,2143.08,1
113,623,2025-10-16,13,64087.85,1
114,1347,2024-11-18,20,22805.12,1
115,690,2024-01-08,15,23208.14,1
116,517,2024-05-14,3,8428.31,1
117,962,2023-03-11,15,15842.19,1
118,107,2026-05-11,20,11756.78,1
119,1874,2016-11-28,1,14292.48,1
120,2161,2003-08-29,8,500017.9,1
121,1408,2025-11-18,17,4228.67,1
122,1441,2008-02-11,13,67088.67,1
123,682,2021-07-22,15,27709.63,1
124,392,2012-05-15,11,2748.81,1
125,1120,2024-11-22,6,84569.31,1
126,709,2017-11-18,13,49220.38,1
127,1651,2022-08-04,5,2090347.77,1
128,1860,2012-04-19,4,869264.42,1
129,495,2026-03-15,21,25042.68,1
130,196,2005-10-10,3,5673.29,1
131,2002,2021-07-30,11,20051.74,1
132,364,2026-02-03,21,6423.11,1
133,431,2019-09-15,8,171454.48,1
134,1332,2026-04-03,21,96617.31,1
135,607,2024-06-28,2,21940.31,1
136,1064,2017-04-05,1,10899.63,1
137,343,2016-10-07,2,22850.64,1
138,1258,2022-07-18,14,8820.67,1
139,226,1998-03-18,11,7831.97,1
140,1737,2021-04-18,20,60550.9,1
141,2057,2023-07-04,17,3933.91,1
142,1950,2026-09-22,23,63699.7,1
143,1779,2025-10-30,8,78065.19,1
144,565,2023-02-08,23,22333.51,1
145,1302,2019-08-04,17,6793.44,1
146,1074,2025-01-17,14,10679.26,1
147,1999,2026-05-17,17,435.0,1
148,865,2026-08-11,10,26111.32,1
149,556,2023-10-21,4,430366.82,1
150,2434,2026-05-20,9,477.09,1
151,620,2011-12-24,5,1117340.81,1
152,763,2000-11-26,8,983114.55,1
153,1865,2022-07-18,2,13462.24,1
154,1502,2023-08-08,17,5426.61,1
155,77,2021-12-25,6,41078.46,1
156,1602,2024-12-03,11,2132.02,1
157,1118,2026-05-22,4,304233.28,1
158,1793,2025-07-07,12,18407.94,1
159,2303,2021-02-04,11,3412.64,1
160,1826,2021-04-26,22,2673.13,1
161,663,2026-08-29,19,40204.25,1
162,2090,2026-08-07,15,22422.2,2
163,1636,2008-08-18,9,5940.21,1
164,1301,2015-06-19,17,5694.35,1
165,721,2020-12-29,14,15411.89,1
166,300,2008-07-20,5,467292.67,1
167,2033,2023-06-30,21,11272.06,1
168,141,2026-09-15,5,758120.59,1
169,1072,2025-01-17,16,1646.21,1
170,137,2017-12-11,3,21148.84,1
171,788,2021-12-09,20,19012.06,1
172,1316,2023-07-13,5,788672.18,1
173,2231,2016-01-04,5,712580.04,1
174,1059,2025-06-15,13,126096.66,1
175,1136,2026-07-06,8,214026.8,1
176,2324,2023-09-25,3,38461.2,1
177,869,2025-10-11,8,868315.61,1
178,12,2018-01-04,19,10608.19,1
179,1382,2026-09-07,11,4653.62,1
180,181,2023-09-10,19,81532.5,1
181,1972,2025-05-26,9,2288.05,1
182,285,2022-10-30,1,19256.3,1
183,1437,2013-03-01,8,202206.32,1
184,8,2024-09-01,14,17552.55,1
185,2448,2010-03-18,2,9273.76,1
186,808,2024-02-23,2,7534.99,1
187,1223,2026-06-28,8,106595.81,1
188,1469,2023-06-02,15,13031.54,1
189,1776,2013-09-07,17,4676.74,1
190,1422,2026-08-20,16,4041.6,1
191,1589,2026-05-24,9,1786.56,1
192,1122,2020-04-10,19,100011.44,1
193,41,1993-11-11,6,220103.52,1
194,602,2026-09-27,16,442.26,2
195,1814,2019-10-21,13,101217.56,1
196,569,2005-02-18,8,225687.29,1
197,1028,1997-09-28,17,3295.33,1
198,1445,2001-03-21,14,18937.95,1
199,2266,2018-06-11,15,26267.12,1
200,58,2024-06-19,11,1576.61,1
201,1394,2025-10-18,4,1014597.58,1
202,595,2022-10-04,2,23359.11,1
203,1531,2015-10-23,15,9701.65,1
204,79,2025-08-19,7,1650323.04,1
205,606,2019-02-10,16,2343.27,1
206,2349,2011-07-12,1,44852.19,1
207,835,2026-01-19,2,5449.0,1
208,2023,2025-05-08,22,26280.21,1
209,1162,2016-02-04,16,2514.67,1
210,2285,2021-12-07,17,760.78,1
211,719,2024-12-25,18,11302.91,1
212,1811,2013-01-11,11,2002.15,1
213,929,2010-10-17,17,911.38,1
214,841,2004-04-08,22,12791.3,1
215,2472,2016-08-08,11,18798.68,1
216,1495,2013-11-16,21,14247.22,1
217,1438,2018-08-17,15,6488.24,1
218,984,2010-08-21,18,7261.39,1
219,1003,2026-09-09,16,3489.55,1
220,1863,2024-02-24,23,98604.54,1
221,1747,2024-11-12,23,15940.97,1
222,2334,2015-01-09,21,6064.36,1
223,1167,2026-03-23,11,689.03,1
224,391,2013-12-04,10,3789.48,1
225,1325,2025-10-20,1,33024.66,1
226,531,2016-12-20,6,577758.07,1
227,479,2026-07-04,3,13302.03,2
228,2482,2026-07-26,3,15776.67,1
229,2103,2019-09-19,2,5217.13,1
230,1654,2022-07-22,21,5618.38,1
231,1662,2010-06-02,1,20722.08,1
232,290,2025-06-17,18,6350.48,1
233,88,2008-04-12,19,84029.35,1
234,291,2013-06-28,23,8113.99,1
235,1203,2018-08-06,8,344073.19,1
236,1267,2023-07-22,3,7839.42,1
237,1734,2022-12-09,3,18320.5,1
238,221,1997-05-08,3,18592.91,1
239,982,2022-01-09,11,22300.15,1
240,1496,2000-10-05,1,38887.03,1
241,1965,2026-07-18,16,2730.54,1
242,547,2023-12-04,18,16842.96,1
243,715,2024-11-01,7,332044.9,1
244,1392,2015-03-28,20,16075.95,1
245,625,2025-06-17,12,13332.2,1
246,2159,2023-07-02,19,25705.42,1
247,1097,2023-01-23,10,20690.51,1
248,1124,2019-12-26,8,224566.84,1
249,2076,2022-12-03,7,813048.38,1
250,85,2026-09-02,19,10988.74,1
251,2230,2021-03-30,23,79864.81,1
252,1542,2014-09-21,5,210402.65,1
253,1476,2010-12-02,12,5369.2,1
254,2107,2014-09-16,5,222545.78,1
255,834,2020-09-15,7,991878.7,1
256,1167,2026-03-28,9,588.62,1
257,812,2026-08-30,18,6587.17,1
258,124,2021-02-10,6,1102333.54,1
259,975,2024-10-08,11,13450.84,1
260,1408,2026-01-24,17,1999.15,1
261,2144,2025-08-24,16,489.62,1
262,1569,2025-02-12,15,29984.62,1
263,1039,2013-05-28,9,9886.34,1
264,1192,2023-06-01,2,13066.2,1
265,233,2023-05-16,14,26948.81,1
266,2101,2026-09-05,18,2315.83,1
267,89,2020-07-26,2,25222.31,1
268,244,2019-08-24,23,26500.08,1
269,468,2002-10-20,1,24813.54,1
270,462,2017-05-30,20,87268.26,1
271,2212,2016-02-17,17,2435.44,1
272,1845,2025-11-17,2,12722.78,1
273,920,2015-09-12,22,5745.53,1
274,697,2026-03-08,17,633.41,1
275,1584,2012-10-01,19,28659.94,1
276,1466,2007-12-18,20,768.68,1
277,46,2026-09-25,18,13782.59,2
278,904,2024-03-11,2,6208.02,1
279,1461,2018-05-27,18,11258.69,1
280,932,2020-07-22,13,66220.69,1
281,2058,2021-09-13,16,3114.01,1
282,1756,2023-09-02,3,8460.25,1
283,671,2011-06-29,3,6162.46,1
284,794,2019-01-02,14,35800.05,1
285,2483,2024-04-29,15,10739.73,1
286,1644,2026-02-20,23,15323.12,1
287,969,2025-07-04,16,4210.88,1
288,820,2018-12-05,15,13452.75,1
289,1292,2009-09-17,8,900529.87,1
290,628,2025-05-13,19,19430.12,1
291,998,2026-09-26,9,10853.47,1
292,1202,2019-03-22,1,15430.32,1
293,534,2017-02-21,21,44064.43,1
294,86,2026-09-06,19,21988.65,1
295,529,2026-05-17,2,15513.87,1
296,789,2021-11-15,21,12856.13,1
297,2432,2022-10-11,9,826.94,1
298,139,2025-07-06,6,101452.21,1
299,2083,2025-08-24,17,3472.58,1
300,664,2023-05-18,6,391254.46,1
301,1277,2015-09-09,11,11662.86,1
302,1374,2025-12-09,14,19345.56,1
303,1879,2025-12-31,10,19851.83,1
304,1813,2025-12-09,3,11471.58,1
305,480,2017-03-06,8,137493.7,1
306,1704,2017-10-31,11,6010.89,1
307,1281,2024-04-15,15,20183.83,1
308,662,2026-06-12,4,812923.91,1
309,1201,2021-05-10,1,18683.56,1
310,642,2007-12-03,4,460925.48,1
311,1886,2025-08-31,1,12508.74,1
312,4,2025-01-04,11,2006.15,1
313,1264,2020-10-20,13,18737.61,1
314,1152,2022-08-02,15,19049.78,1
315,1416,2025-01-27,9,1066.37,1
316,2442,2026-04-25,7,1319619.32,1
317,338,2022-06-11,4,411870.7,1
318,833,2026-04-09,20,56646.64,1
319,443,1997-08-21,8,448572.76,1
320,554,1990-02-08,11,9928.3,1
321,436,2026-09-11,13,28427.21,2
322,656,2015-09-24,21,3354.16,1
323,461,2026-04-20,16,2664.67,1
324,327,2026-02-21,16,944.83,1
325,1901,2009-09-25,16,1962.39,1
326,2305,2026-09-10,18,5746.12,1
327,578,2023-01-29,2,11214.49,1
328,1363,2024-03-02,12,21405.95,1
329,2089,2026-05-14,19,34267.94,1
330,2010,2020-02-10,16,3831.54,1
331,1359,2018-02-07,16,757.22,1
332,742,2011-01-16,4,1778008.73,1
333,752,2025-10-09,2,29393.58,1
334,51,2026-09-21,1,23707.02,1
335,115,2006-10-03,2,15660.38,1
336,2026,2020-01-14,8,924332.04,1
337,2104,2021-05-06,19,16339.05,1
338,2374,2025-05-31,16,3208.29,1
339,1180,2013-09-15,23,23927.22,1
340,564,2019-07-18,17,896.11,1
341,844,2021-02-17,9,2318.18,1
342,291,2013-01-13,22,9185.5,1
343,2454,2022-12-08,10,978.15,1
344,2350,2023-11-03,13,90393.37,1
345,152,2023-12-02,2,8364.92,1
346,661,2023-05-19,18,10138.29,1
347,488,2019-05-31,8,537030.25,1
348,1166,2024-01-31,15,38421.8,1
349,747,2022-12-10,1,13171.99,1
350,435,2014-06-07,13,4788874.32,1
351,2155,2020-10-02,10,2092.76,1
352,1276,2018-09-13,19,92708.41,1
353,1135,2026-08-10,8,217878.5,1
354,286,2021-07-27,17,3334.75,1
355,91,2009-06-05,11,3627.91,1
356,2340,2007-06-26,3,9667.5,1
357,1611,2017-09-27,12,5566.27,1
358,2351,2026-05-02,6,145636.13,1
359,1350,2002-05-09,6,715772.05,1
360,2292,2015-02-14,5,357955.02,1
361,89,2020-04-30,1,52491.54,1
362,2255,2019-10-14,8,688735.48,1
363,310,2018-12-17,10,34462.63,1
364,2125,2009-09-27,17,1756.03,1
365,305,2026-09-14,20,47197.1,1
366,2236,2024-01-26,1,13269.63,1
367,2187,2026-09-07,11,4172.86,1
368,696,2026-04-16,6,138814.57,1
369,2105,2021-07-18,9,28337.53,1
370,769,2024-06-19,1,24944.6,1
371,853,2026-08-28,9,1145.52,1
372,328,2026-04-26,6,323270.54,1
373,687,2026-07-06,16,4879.67,1
374,2135,2017-05-15,20,18376.55,1
375,1566,2022-10-01,15,603819.79,1
376,547,2023-08-31,18,6895.35,1
377,624,2017-05-01,15,38988.03,1
378,1870,2025-07-17,14,70239.76,1
379,704,2016-05-16,16,2340.1,1
380,1597,2026-09-23,10,13116.7,1
381,2408,2024-01-23,10,11359.09,1
382,401,2025-02-17,13,24477.37,1
383,1096,2010-11-14,10,26204.39,1
384,1633,2008-04-17,16,1916.57,1
385,2117,2022-11-16,13,39285.09,1
386,1550,2026-07-28,2,17099.27,1
387,1879,2025-10-10,11,5168.61,1
388,1565,2026-09-10,12,18664.6,1
389,516,2020-05-07,16,1715.77,1
390,666,2024-08-19,19,24854.95,1
391,90,2026-08-01,14,19703.72,1
392,751,2009-10-27,1,12491.42,1
393,1236,2008-06-03,14,20165.27,1
394,2166,2024-06-09,4,561448.66,1
395,1944,2025-06-17,14,51493.03,1
396,936,2025-02-13,2,14989.6,1
397,1883,2026-09-26,16,2073.03,1
398,127,2016-02-15,8,217915.56,1
399,360,2023-03-27,13,137941.93,1
400,101,2024-08-16,20,56314.37,1
401,116,2025-10-08,5,984000.68,1
402,2041,2025-12-14,10,27548.83,1
403,293,1993-09-06,20,12386.65,1
404,1981,2023-07-02,16,3711.98,1
405,1195,2017-01-11,22,3371.8,1
406,1803,2026-09-22,18,9953.42,1
407,2336,2025-07-02,3,7597.67,1
408,1736,2009-04-01,14,70572.06,1
409,852,2025-02-06,14,22327.22,1
410,2355,2015-06-13,3,8856.94,1
411,481,2023-07-26,3,23087.13,1
412,13,2023-12-21,19,19543.38,1
413,857,2025-11-22,13,22141.18,1
414,2000,2014-11-25,14,59399.39,1
415,516,2019-12-08,17,1837.43,1
416,1221,2019-10-10,2,13395.11,1
417,68,2026-05-24,1,29103.74,1
418,1988,2008-02-02,18,13517.45,1
419,2375,2026-03-06,15,36366.56,1
420,1571,2025-04-11,15,11753.69,1
421,1502,2023-07-17,18,13686.56,1
422,2317,2020-09-06,5,261697.96,1
423,1543,2025-05-25,21,14897.66,1
424,1597,2026-03-29,10,7561.77,1
425,1078,2004-11-10,17,1253.16,1
426,187,2026-07-23,3,8064.77,1
427,2138,2023-04-01,11,11880.39,1
428,851,2024-09-20,7,1455931.09,1
429,2494,2026-08-13,19,124732.44,1
430,1165,2023-05-05,20,1256.81,1
431,1851,2025-09-24,20,122151.72,1
432,1456,2022-07-12,8,900130.62,1
433,1688,2025-10-26,17,4323.56,1
434,1559,2021-04-01,14,10889.74,1
435,1804,2024-01-15,12,10385.54,1
436,1840,1997-09-04,1,32373.09,1
437,2409,2007-10-12,6,345639.82,1
438,179,2025-12-19,16,1455.62,1
439,2222,2025-07-20,16,2525.52,1
440,1742,2023-08-02,16,3265.67,1
441,1133,2008-09-26,22,6210.75,1
442,323,2026-06-28,6,461393.3,3
443,483,2025-06-15,6,206221.2,1
444,1205,2014-11-17,20,18800.28,1
445,142,2026-08-21,7,928844.89,1
446,921,2020-02-17,3,13960.18,1
447,1956,2026-07-23,17,3567.57,1
448,626,2026-07-02,15,198216.63,3
449,2115,2016-11-14,1,35738.2,1
450,1892,2006-01-24,9,2950.58,1
451,2404,2026-08-04,7,126772.15,2
452,1493,2014-04-18,6,421463.55,1
453,1708,2001-01-04,9,1761.25,1
454,206,2017-11-08,12,2734.38,1
455,1361,2025-06-12,13,63777.76,1
456,1581,2026-04-07,7,3178727.66,1
457,282,2022-12-17,9,1482.72,1
458,1121,2020-02-19,13,120059.03,1
459,1977,2025-10-05,2,7625.76,1
460,448,2026-07-14,5,918103.27,2
461,904,2023-12-08,3,8701.94,1
462,621,2020-03-08,7,1002743.38,1
463,595,2023-05-27,1,10149.73,1
464,1345,2025-09-09,21,140568.09,1
465,83,2026-08-25,11,16507.74,2
466,741,2023-08-20,15,6298.72,1
467,206,2018-04-13,9,510.32,1
468,1327,2017-04-10,10,33721.88,1
469,1979,2023-12-20,13,22545.21,1
470,1204,2025-06-28,20,9632.2,1
471,1808,2002-12-17,6,17628.07,1
472,189,2020-01-20,18,4868.84,1
473,1021,2014-06-15,1,13975.11,1
474,1895,2026-07-21,18,8187.01,2
475,1742,2023-07-03,18,3323.7,1
476,701,2025-01-11,20,75570.46,1
477,2284,2025-12-23,17,2338.66,1
478,1710,2024-05-06,11,9503.99,1
479,1368,2015-08-26,12,10517.05,1
480,474,2020-12-14,13,108188.16,1
481,1629,2026-07-13,5,1698703.61,1
482,674,2017-10-20,23,18006.67,1
483,2309,2026-09-01,20,5924.77,2
484,395,2003-05-02,4,179312.69,1
485,1746,2025-12-20,10,5236.74,1
486,62,2023-11-01,1,19627.83,1
487,1576,2026-05-25,8,92679.87,1
488,189,2020-01-08,16,730.29,1
489,1092,2025-05-03,13,103412.83,1
490,2387,2013-06-06,3,11473.97,1
491,591,2013-11-10,5,1534196.52,1
492,1514,2025-11-01,1,12200.33,1
493,1352,2024-03-16,13,32226.55,1
494,1486,2020-10-03,17,5321.59,1
495,2277,2025-09-22,11,6809.24,1
496,2144,2025-10-06,17,2653.93,1
497,404,2022-08-07,12,8017.93,1
498,1496,2000-11-22,2,24645.59,1
499,1686,2024-02-28,16,2425.47,1
500,308,2016-08-08,2,11267.78,1
501,55,2025-10-05,22,8243.63,1
502,1504,2024-05-01,6,743094.9,1
503,1422,2026-06-21,17,6340.66,1
504,88,2008-02-10,22,10888.12,1
505,1983,1983-06-30,17,5432.78,1
506,95,2024-09-23,17,4268.64,1
507,1884,2018-12-05,7,211965.81,1
508,1461,2018-02-25,17,4072.98,1
509,1970,2026-09-25,13,74715.81,1
510,335,2021-04-30,2,6280.94,1
511,273,2026-04-12,14,18483.09,1
512,621,2019-04-24,8,1212650.25,1
513,222,2019-11-25,20,16297.09,1
514,1947,2013-06-01,14,57005.9,1
515,334,2025-12-29,16,3264.88,1
516,1707,2026-09-07,23,28394.27,1
517,497,2016-02-16,5,497857.55,1
518,672,2024-12-24,13,33690.11,1
519,791,2026-09-16,13,86726.12,1
520,483,2024-07-19,8,743949.11,1
521,1424,2026-09-10,4,969432.24,2
522,2292,2015-07-29,5,479243.11,1
523,925,2016-07-30,21,132293.7,1
524,2458,2001-07-21,1,19358.51,1
525,497,2016-03-11,4,440181.07,1
526,409,2024-07-31,23,21380.64,1
527,1035,2006-04-12,20,33157.77,1
528,891,2018-12-15,11,4786.07,1
529,1576,2026-09-15,8,216224.16,1
530,1337,2025-09-14,10,1291.05,1
531,873,2019-01-01,19,49191.05,1
532,755,2022-07-24,18,14117.94,1
533,1225,2026-06-27,3,12067.51,2
534,654,2018-08-30,16,1824.31,1
535,1086,2017-12-03,12,1319.81,1
536,519,2011-12-29,14,6314.08,1
537,703,2025-07-14,16,1859.89,1
538,1325,2025-08-31,2,19050.68,1
539,2344,2025-12-11,21,9563.32,1
540,148,2022-04-13,10,36317.21,1
541,1619,2024-01-19,8,23747.0,1
542,484,2016-02-07,4,182986.73,1
543,726,2024-05-18,2,12235.19,1
544,1036,2024-07-08,11,3999.49,1
545,656,2016-01-23,20,7827.83,1
546,912,2016-07-23,4,1574699.77,1
547,1575,2026-09-20,9,2201.42,1
548,1354,2022-06-22,16,3301.74,1
549,2128,2018-12-07,17,3022.26,1
550,1748,2020-02-23,1,52713.39,1
551,2193,2018-06-26,3,19945.83,1
552,1595,2026-09-22,16,4034.34,1
553,960,2024-07-17,5,1335904.48,1
554,76,2021-09-09,17,4109.26,1
555,509,2017-11-17,18,5070.14,1
556,2411,2022-08-21,2,18140.64,1
557,2111,2024-05-25,8,332217.19,1
558,1483,2018-10-30,17,4472.75,1
559,2065,2026-01-25,7,2233576.99,1
560,2002,2021-05-05,9,19966.4,1
561,2328,2016-01-31,15,13298.72,1
562,920,2015-07-03,22,2255.45,1
563,1099,2026-09-08,17,6741.96,1
564,1479,2020-01-20,23,7052.87,1
565,164,2023-10-05,18,11413.39,1
566,310,2018-08-31,11,3804.15,1
567,1056,2015-05-12,2,33573.12,1
568,2346,2024-03-10,7,894856.1,1
569,1346,2014-08-13,1,36877.7,1
570,2258,2021-07-13,20,28796.89,1
571,713,2026-05-08,1,22071.23,1
572,2019,1989-11-28,13,133394.2,1
573,1746,2026-01-02,9,132.32,1
574,1393,2026-09-17,13,45134.29,1
575,1140,2020-09-28,4,281031.51,1
576,833,2026-02-16,22,40616.16,1
577,1790,2019-04-19,16,264.34,1
578,1316,2023-12-03,6,559312.74,1
579,570,2026-09-03,15,4549.15,1
580,1509,2011-04-14,18,2687.7,1
581,1735,2026-07-24,12,12789.97,1
582,1549,2014-02-06,5,1369049.82,1
583,1738,2023-11-22,12,3657.94,1
584,920,2015-06-02,22,1323.24,1
585,998,2026-09-14,10,29935.6,1
586,2479,2008-10-15,6,325997.47,1
587,1409,2019-06-22,9,1008.81,1
588,1665,2016-06-11,11,3961.59,1
589,1671,2002-11-21,17,2699.61,1
590,2467,2013-06-05,14,11389.41,1
591,180,2022-10-30,9,3195.18,1
592,1532,2016-07-08,14,31021.52,1
593,1546,2005-05-05,19,17397.54,1
594,685,2020-02-14,15,20040.21,1
595,1167,2026-08-19,9,260.31,1
596,1927,2024-09-12,19,29470.94,1
597,2297,2025-09-29,13,4623641.69,1
598,2164,2007-10-08,2,25382.2,1
599,2214,2020-09-05,18,16994.32,1
600,2323,2026-02-01,10,7712.55,1
601,233,2023-10-04,15,12185.0,1
602,1722,2019-03-28,10,3848.04,1
603,1536,2025-06-02,17,1772.81,1
604,1246,2024-10-16,23,17226.65,1
605,1260,2024-06-18,16,1631.5,1
606,1601,2003-02-28,16,3625.05,1
607,1233,2009-10-07,21,25279.85,1
608,247,2000-05-28,23,40632.18,1
609,1533,2023-04-27,3,10516.31,1
610,510,2026-07-03,16,1115.64,2
611,1278,1988-01-07,13,75902.79,1
612,355,2010-02-13,18,11477.02,1
613,2473,2025-01-26,6,62782.9,1
614,123,2025-08-15,7,807670.26,1
615,854,2026-09-02,7,268383.73,1
616,1348,2023-02-16,17,1799.51,1
617,1882,2004-04-12,18,12143.61,1
618,386,2023-09-18,4,896220.16,1
619,954,2025-11-21,10,1180.91,1
620,2323,2026-04-08,10,7964.59,1
621,898,2021-03-07,1,53679.95,1
622,1182,2017-10-03,2,14758.87,1
623,1029,2015-04-09,7,1416233.01,1
624,1351,2026-06-04,9,7628.91,1
625,621,2019-07-23,8,436252.21,1
626,175,2025-01-14,18,2411.44,1
627,746,2026-09-25,10,13291.4,1
628,1175,2019-05-27,7,1117094.23,1
629,344,2025-04-05,23,35339.21,1
630,211,2022-11-10,14,24105.75,1
631,376,2024-04-13,16,459.47,1
632,287,2016-07-09,10,7008.09,1
633,1006,2022-01-30,14,34819.36,1
634,1944,2024-11-08,13,69680.19,1
635,1280,2026-09-09,8,320953.47,1
636,1073,2020-02-27,16,3601.25,1
637,1762,2015-05-19,21,17246.81,1
638,302,2025-06-01,2,11602.55,1
639,478,2026-04-02,4,150027.33,1
640,434,2020-08-06,19,47290.68,1
641,2393,2025-09-20,16,388.39,1
642,2492,2026-07-11,12,5968.65,1
643,2193,2018-02-28,1,44195.21,1
644,2383,2016-11-27,8,543843.37,1
645,1695,2025-02-18,10,17470.81,1
646,987,2007-02-23,10,8677.64,1
647,194,2017-07-31,11,935.5,1
648,1156,2023-02-02,15,4595.74,1
649,1362,2010-08-21,21,26525.74,1
650,499,2017-05-08,21,18783.91,1
651,1697,2018-04-17,8,76325.31,1
652,1577,2025-07-23,2,14786.93,1
653,1324,2020-10-17,21,3189.87,1
654,1675,2018-07-22,11,10181.58,1
655,263,2017-01-08,13,70674.81,1
656,2432,2024-02-25,11,5257.31,1
657,1384,2026-08-20,10,18323.61,2
658,563,2024-08-17,18,11579.11,1
659,2015,2023-05-29,22,8441.75,1
660,820,2018-11-03,14,7048.61,1
661,633,1997-04-30,13,26849.04,1
662,1473,2023-11-29,14,8403.41,1
663,1135,2026-08-16,5,155823.65,1
664,1243,2025-07-24,3,9590.59,1
665,541,2026-03-08,6,105591.29,1
666,602,2026-09-27,17,2724.81,1
667,98,2018-07-29,9,2715.12,1
668,1927,2024-07-22,19,7749.05,1
669,2471,2025-10-02,21,2024.98,1
670,1612,2026-02-18,1,37018.07,1
671,1417,2010-12-28,11,4392.22,1
672,1190,2025-10-28,7,1008445.65,1
673,192,2018-01-08,8,853449.5,1
674,1343,2025-02-06,14,12840.74,1
675,341,2011-03-08,4,1377120.68,1
676,1964,2022-06-09,21,27001.91,1
677,924,2023-04-24,18,8908.12,1
678,2199,2025-10-27,4,140722.0,1
679,2363,2019-04-23,5,253646.99,1
680,2454,2022-11-14,9,78.63,1
681,1832,2026-09-11,1,50552.15,1
682,1649,2023-03-23,14,2085731.03,1
683,1034,2026-09-12,9,16302.03,1
684,1985,2026-07-13,2,38866.41,1
685,2471,2025-10-16,23,16841.55,1
686,731,2018-10-01,7,891222.68,1
687,1103,1984-07-16,4,300637.54,1
688,2121,2019-07-05,22,882.33,1
689,1431,2016-08-15,18,4022.43,1
690,406,2019-11-09,17,3000.89,1
691,747,2022-11-16,1,32974.3,1
692,2315,2012-06-08,4,575895.36,1
693,565,2022-08-24,22,11179.1,1
694,352,1997-02-19,10,3854.2,1
695,2024,2024-09-15,10,25363.39,1
696,17,2025-01-15,20,7973.81,1
697,789,2021-09-07,22,16080.25,1
698,2206,2024-09-19,1,13890.64,1
699,2103,2019-02-10,2,3756.15,1
700,746,2026-09-24,10,13891.2,1
701,2141,2017-11-29,3,23412.83,1
702,652,2023-02-09,2,18518.75,1
703,11,2023-04-01,17,534.59,1
704,2300,2023-03-29,18,12259.74,1
705,608,2019-01-17,15,19517.01,1
706,154,2026-09-15,2,20599.17,1
707,1962,2023-03-30,1,17209.08,1
708,1006,2021-05-22,14,31907.09,1
709,2129,2017-06-25,21,13961.15,1
710,88,2008-03-30,23,27432.36,1
711,2249,2013-05-21,6,452223.43,1
712,98,2019-01-19,12,6018.75,1
713,1574,2000-07-10,22,8205.36,1
714,921,2020-09-08,2,2215.8,1
715,475,2013-04-05,14,44332.44,1
716,1396,2024-12-04,2,14674.81,1
717,1575,2026-09-19,9,6704.58,1
718,428,2023-08-15,1,12307.46,1
719,1997,2017-01-06,6,221663.03,1
720,1840,1997-08-02,3,9245.61,1
721,1781,2026-07-10,2,10290.01,1
722,2146,2019-06-22,4,339145.69,1
723,2428,2010-11-20,22,1384.85,1
724,273,2026-05-03,15,23325.63,1
725,2133,2005-12-02,12,3102.1,1
726,1039,2013-05-08,9,4973.61,1
727,670,2019-01-10,11,6774.29,1
728,2427,2025-08-23,19,35144.28,1
729,563,2024-11-10,18,6376.74,1
730,1490,2020-06-07,16,1006.44,1
731,482,2007-08-04,8,1252468.68,1
732,1787,2024-11-24,22,8592.64,1
733,1525,2020-03-09,8,22392.98,1
734,660,2016-01-31,17,8569.25,1
735,1542,2015-01-22,6,81145.89,1
736,2301,2026-06-08,23,48749.82,1
737,2458,2001-07-17,3,9084.76,1
738,989,2026-02-19,2,9855.29,1
739,2274,2005-01-01,4,92203.08,1
740,531,2016-08-18,7,1383791.86,1
741,545,2009-05-29,7,354020.84,1
742,675,2024-06-28,3,1939.31,1
743,89,2020-05-09,2,36448.54,1
744,551,2025-12-13,15,10080.54,1
745,2347,2011-06-27,10,18716.68,1
746,2246,2024-04-21,20,72966.3,1
747,2053,2026-06-16,8,574743.15,2
748,1550,2026-01-14,3,11328.72,1
749,690,2024-03-16,14,48710.62,1
750,545,2009-06-09,7,849128.07,1
