customer_first_name,customer_last_name,purchase_date,product_price,gender,salary,product_id,quantity,city
Mary,Davis,2021-08-06,154.17,F,,668,10,San Diego
Barbara,Hernandez,2020-12-25,15.56,F,1645.41,581,6,San Antonio
Matthew,Rodriguez,2021-06-29,7.54,M,4686.66,902,7,San Jose
Matthew,Rodriguez,2020-10-14,67.04,M,3800.96,213,3,New York
Patricia,Davis,2021-09-03,109.74,F,7094.09,992,3,Dallas
Mary,Anderson,2021-07-05,156.5,F,6452.01,996,10,Chicago
William,Williams,2020-06-21,137.3,M,4281.34,919,8,Los Angeles
Christopher,Wilson,2020-11-27,96.25,M,2961.03,952,5,San Antonio
William,Rodriguez,2021-12-21,66.19,M,9892.32,576,4,San Jose
Nancy,Davis,2020-10-26,199.8,F,5086.01,809,7,Phoenix
Barbara,Jones,2020-10-23,98.37,F,7194.47,420,7,Philadelphia
David,Brown,2021-08-09,103.78,M,,278,9,Dallas
Mary,Gonzalez,2020-09-30,43.86,F,5370.31,996,9,Philadelphia
Linda,Johnson,2021-06-10,167.11,F,1247.83,318,5,Houston
Jennifer,Garcia,2021-11-26,141.95,F,5549.1,888,8,San Jose
William,Williams,2020-04-07,48.53,M,,627,10,San Antonio
Jennifer,Lopez,2020-05-18,30.02,F,4457.86,591,1,Chicago
Charles,Davis,2021-02-25,135.33,M,1350.96,990,9,Dallas
Mark,Hernandez,2020-03-01,131.05,M,1278.6,160,8,Philadelphia
David,Jones,2020-10-10,64.37,M,4491.88,153,6,Chicago
Nancy,Lopez,2021-11-02,188.72,F,2440.22,779,3,San Diego
Robert,Williams,2020-05-09,39.57,M,1210.17,637,3,Los Angeles
Maria,Smith,2021-12-19,98.08,F,7805.92,947,8,Dallas
David,Lopez,2020-05-15,198.41,M,5126.71,164,5,Los Angeles
Dorothy,Garcia,2020-09-12,92.8,F,3603.2,711,10,San Diego
Jennifer,Gonzalez,2020-05-29,131.31,F,9100.75,685,7,San Antonio
Nancy,Jones,2021-12-29,84.42,F,,803,5,Los Angeles
Daniel,Martinez,2020-11-25,63.6,M,9603.27,270,8,Dallas
David,Hernandez,2020-09-10,206.41,M,3825.7,372,10,San Jose
Betty,Gonzalez,2021-11-23,84.17,F,8995.63,988,10,San Antonio
Robert,Brown,2021-02-06,188.07,M,6426.49,798,4,Los Angeles
Joseph,Williams,2021-05-16,59.55,M,8440.37,634,2,Chicago
Jennifer,Martinez,2020-05-25,54.2,F,9856.12,490,3,Los Angeles
Richard,Wilson,2021-08-14,14.56,M,3595.65,792,8,Dallas
David,Hernandez,2021-10-09,138.83,M,,426,7,Chicago
Lisa,Anderson,2020-10-02,87.46,F,4505.34,207,2,Dallas
Dorothy,Miller,2021-10-04,174.87,F,4469.61,946,6,Los Angeles
Margaret,Wilson,2021-02-28,107.04,F,,261,9,Houston
Linda,Miller,2021-01-19,197.4,F,5872.67,913,4,Dallas
David,Rodriguez,2021-04-07,48.77,M,2387.31,551,9,San Jose
Lisa,Garcia,2020-03-18,172.08,F,5983.4,305,2,Dallas
Barbara,Johnson,2021-10-10,155.62,F,5875.34,689,2,Houston
Betty,Miller,2020-04-05,153.51,F,7857.12,115,9,New York
Mary,Hernandez,2021-02-16,171.59,F,8502.85,426,7,Phoenix
John,Johnson,2021-06-11,159.76,M,4963.97,707,7,Phoenix
Maria,Williams,2020-10-11,126.99,F,3721.0,758,1,Dallas
William,Williams,2021-12-12,40.14,M,3334.01,101,6,Dallas
Dorothy,Davis,2021-01-12,10.82,F,2751.61,109,7,San Antonio
Jennifer,Garcia,2021-04-10,184.08,F,1518.83,533,6,Dallas
Joseph,Anderson,2021-05-14,131.89,M,4082.03,224,6,Dallas
Donald,Brown,2020-12-01,161.21,M,3432.23,180,2,San Diego
Linda,Smith,2021-08-18,110.49,F,9697.76,584,6,Chicago
William,Jones,2020-01-03,39.1,M,6019.38,751,4,San Antonio
Margaret,Miller,2020-04-05,39.23,F,4125.49,937,9,New York
Christopher,Brown,2021-04-14,139.19,M,,249,1,Dallas
Christopher,Davis,2021-10-12,88.03,M,2252.77,899,8,Chicago
William,Gonzalez,2021-11-11,44.95,M,4996.39,972,5,New York
Linda,Jones,2021-12-15,98.9,F,6636.11,439,1,San Antonio
Patricia,Garcia,2021-01-01,18.77,F,5400.08,228,4,Philadelphia
Betty,Jones,2020-03-05,127.82,F,4616.01,537,1,New York
Daniel,Martinez,2021-07-01,57.36,M,9944.64,850,6,San Jose
Daniel,Lopez,2021-02-11,168.22,M,8922.83,600,2,San Antonio
Robert,Martinez,2020-08-11,76.03,M,,157,5,San Jose
Christopher,Smith,2021-03-15,92.72,M,,297,7,New York
Margaret,Jones,2020-08-04,13.68,F,6585.94,310,2,San Antonio
Thomas,Hernandez,2021-05-21,28.53,M,2811.81,144,6,Chicago
Mary,Garcia,2020-10-01,89.92,F,4556.24,196,6,Chicago
Patricia,Lopez,2020-11-26,104.57,F,1355.14,378,5,Houston
Margaret,Brown,2020-10-17,124.42,F,,634,5,Houston
Karen,Smith,2020-12-11,60.4,F,5887.22,509,3,San Antonio
Patricia,Hernandez,2021-07-14,138.89,F,3049.75,560,10,San Diego
Michael,Johnson,2021-08-14,181.06,M,,490,10,San Antonio
Matthew,Davis,2020-05-13,164.15,M,9185.09,946,2,San Jose
Elizabeth,Jones,2021-08-02,18.71,F,,143,7,San Diego
Karen,Williams,2021-05-11,104.96,F,5800.48,126,1,San Antonio
Donald,Miller,2020-12-17,27.6,M,8829.72,893,6,San Diego
Daniel,Hernandez,2021-11-29,56.15,M,2175.87,196,6,New York
Daniel,Rodriguez,2020-02-19,204.45,M,8114.59,647,3,San Antonio
Barbara,Anderson,2020-02-17,39.33,F,2123.39,720,2,New York
Anthony,Anderson,2020-04-11,105.3,M,8147.9,666,2,San Jose
Anthony,Anderson,2021-10-03,136.28,M,3481.91,803,9,San Antonio
Helen,Lopez,2021-04-15,144.0,F,,318,5,San Antonio
Richard,Gonzalez,2020-01-17,118.33,M,9496.38,284,7,San Jose
Robert,Jones,2020-05-07,7.02,M,2339.16,168,5,Chicago
Helen,Lopez,2020-06-10,67.89,F,5164.08,928,7,Dallas
Karen,Johnson,2021-03-27,107.66,F,9828.89,229,4,San Jose
John,Hernandez,2021-04-12,30.67,M,5350.67,666,8,Chicago
Christopher,Anderson,2020-01-01,78.62,M,8771.93,989,10,New York
Patricia,Jones,2021-03-14,9.18,F,,708,10,Dallas
Betty,Garcia,2020-07-26,28.25,F,,947,7,San Antonio
Anthony,Martinez,2021-12-06,83.02,M,3572.05,698,10,Houston
Linda,Brown,2020-05-15,42.51,F,2829.01,905,5,Houston
Joseph,Brown,2021-10-27,112.77,M,7856.18,730,6,New York
Linda,Williams,2020-11-05,148.35,F,4478.86,819,5,San Jose
Mark,Davis,2020-06-11,162.22,M,5601.48,433,7,San Diego
Barbara,Williams,2020-10-07,53.86,F,,253,2,Phoenix
Karen,Davis,2020-04-05,42.96,F,6195.51,646,5,San Diego
Barbara,Lopez,2021-11-01,28.64,F,8790.19,178,10,San Jose
Maria,Martinez,2021-01-04,131.22,F,9826.65,678,3,Philadelphia
Lisa,Garcia,2020-09-13,145.7,F,4668.26,954,9,San Diego
Donald,Miller,2020-03-25,15.76,M,8447.67,512,6,San Diego
Patricia,Lopez,2021-01-15,188.52,F,7880.75,645,10,Phoenix
Robert,Rodriguez,2021-11-11,18.57,M,6161.76,708,3,Philadelphia
Christopher,Anderson,2021-10-26,108.67,M,9604.42,268,7,San Antonio
Dorothy,Davis,2020-06-18,152.57,F,2804.27,780,4,San Diego
Robert,Gonzalez,2020-02-23,182.78,M,1983.38,762,3,Dallas
Mary,Rodriguez,2021-02-09,152.5,F,8685.66,682,8,Phoenix
Donald,Gonzalez,2021-10-02,171.24,M,4952.35,614,4,Houston
Richard,Hernandez,2020-11-08,76.69,M,8622.72,413,1,San Diego
William,Wilson,2021-12-17,164.16,M,9037.81,131,6,San Diego
Joseph,Brown,2020-08-27,28.59,M,,386,10,San Jose
Michael,Gonzalez,2021-03-15,178.05,M,8951.18,693,1,Los Angeles
Helen,Brown,2021-11-02,120.86,F,5034.87,142,5,San Jose
Susan,Hernandez,2020-04-03,172.25,F,5593.89,716,7,San Diego
Joseph,Gonzalez,2021-12-21,91.17,M,6639.33,100,6,Dallas
Barbara,Martinez,2020-04-07,133.41,F,9337.44,672,2,San Antonio
Daniel,Wilson,2020-01-02,117.32,M,1172.04,369,4,Philadelphia
Charles,Gonzalez,2020-08-06,157.48,M,,279,2,Chicago
Mark,Johnson,2021-05-03,21.79,M,7189.5,835,1,New York
Lisa,Rodriguez,2020-03-20,14.1,F,7504.36,617,3,Phoenix
Lisa,Davis,2020-05-15,52.88,F,7232.79,202,3,Chicago
Charles,Rodriguez,2021-08-30,39.24,M,2209.92,109,7,Chicago
Karen,Lopez,2020-08-19,178.24,F,3694.56,682,1,San Antonio
Barbara,Garcia,2021-06-15,55.91,F,4228.44,189,9,San Antonio
Thomas,Johnson,2021-11-27,195.42,M,8239.93,325,6,Houston
Charles,Anderson,2021-03-31,79.32,M,3508.84,769,4,Philadelphia
Joseph,Martinez,2020-01-10,48.36,M,,839,3,Philadelphia
Donald,Johnson,2020-01-09,156.06,M,,225,3,Phoenix
Anthony,Smith,2021-12-13,141.96,M,1079.77,308,2,Phoenix
Margaret,Wilson,2020-12-17,99.48,F,9980.39,196,2,Philadelphia
Daniel,Rodriguez,2020-05-03,122.52,M,7091.39,173,10,Dallas
Betty,Anderson,2021-03-08,150.82,F,8456.22,726,5,Philadelphia
Robert,Rodriguez,2021-12-11,54.59,M,3651.57,290,9,Houston
Betty,Brown,2020-05-15,198.82,F,1128.84,781,2,Houston
Charles,Martinez,2021-05-04,192.46,M,7640.83,918,2,San Diego
William,Rodriguez,2020-03-13,133.01,M,8507.3,815,6,New York
Helen,Williams,2020-08-22,47.29,F,7664.29,155,10,Houston
Charles,Williams,2021-01-27,135.54,M,2285.65,819,2,Dallas
Charles,Garcia,2020-04-01,30.63,M,7780.85,652,4,San Diego
Anthony,Wilson,2020-04-14,18.38,M,7920.31,131,6,Chicago
Elizabeth,Rodriguez,2020-04-15,59.14,F,6926.86,626,5,Chicago
Matthew,Davis,2020-11-16,96.0,M,7895.04,673,1,Houston
Margaret,Johnson,2021-01-11,182.76,F,8613.29,766,6,Los Angeles
Susan,Hernandez,2020-11-02,148.0,F,,383,1,Houston
David,Brown,2020-05-20,153.35,M,,820,3,Philadelphia
John,Lopez,2021-01-26,86.7,M,5388.65,931,10,New York
Margaret,Martinez,2020-05-16,81.07,F,1698.84,593,5,New York
Richard,Davis,2021-10-18,81.16,M,4667.89,286,10,Phoenix
Christopher,Johnson,2021-11-24,202.93,M,4663.96,597,5,San Diego
Donald,Anderson,2020-05-26,21.39,M,1594.09,541,10,New York
Linda,Rodriguez,2020-03-11,184.92,F,4139.38,229,6,Los Angeles
Thomas,Davis,2021-06-27,128.65,M,1998.98,738,10,Phoenix
Michael,Gonzalez,2021-07-30,96.76,M,8274.12,391,8,Philadelphia
Robert,Smith,2020-01-09,146.59,M,9529.19,213,5,Los Angeles
Barbara,Davis,2021-09-16,105.25,F,1650.85,298,1,Dallas
Donald,Williams,2021-10-27,180.1,M,9596.04,112,5,Phoenix
Dorothy,Rodriguez,2020-06-17,187.43,F,5703.19,370,3,New York
Dorothy,Miller,2021-03-26,89.17,F,3696.09,700,4,New York
Daniel,Davis,2020-12-25,65.81,M,1691.76,314,8,Dallas
Margaret,Martinez,2020-08-06,120.92,F,5505.62,543,7,Houston
David,Smith,2021-10-05,193.18,M,,889,5,Phoenix
Matthew,Rodriguez,2020-06-04,53.29,M,7363.78,611,2,San Jose
David,Davis,2021-02-25,123.7,M,1452.03,546,6,New York
Daniel,Hernandez,2021-09-22,135.93,M,1656.12,814,6,Chicago
Susan,Gonzalez,2021-12-04,154.03,F,4625.86,173,10,Philadelphia
Anthony,Jones,2021-03-29,28.18,M,3657.61,636,10,Phoenix
Mary,Lopez,2020-08-10,148.19,F,3091.46,200,6,San Jose
Christopher,Smith,2020-03-29,188.55,M,3529.04,275,9,San Diego
Patricia,Miller,2020-04-12,40.56,F,8231.34,526,8,Dallas
Margaret,Jones,2020-05-23,55.86,F,,216,8,San Diego
Donald,Wilson,2020-05-06,202.68,M,4645.92,265,1,Philadelphia
Robert,Smith,2021-08-26,49.52,M,9155.0,140,5,Houston
Jennifer,Lopez,2021-01-28,170.21,F,3893.46,528,7,New York
Joseph,Brown,2020-12-25,106.6,M,5287.93,443,6,New York
Nancy,Martinez,2021-03-15,51.32,F,3034.26,523,5,San Diego
Anthony,Johnson,2020-11-18,183.99,M,6764.28,465,8,Philadelphia
Mary,Smith,2020-05-23,95.9,F,9810.83,219,3,Los Angeles
Margaret,Miller,2020-09-10,104.78,F,6431.44,708,6,Dallas
Daniel,Garcia,2020-10-10,83.52,M,4220.33,756,5,San Jose
Donald,Lopez,2021-10-22,124.38,M,6830.36,827,8,Phoenix
Robert,Johnson,2020-03-27,41.66,M,2106.29,328,4,Los Angeles
Nancy,Rodriguez,2020-09-11,87.29,F,8997.93,924,8,Chicago
Elizabeth,Smith,2021-07-20,197.01,F,,229,10,Los Angeles
William,Anderson,2021-09-07,56.43,M,5044.15,451,2,San Jose
Barbara,Anderson,2021-09-06,143.82,F,6272.78,988,9,San Antonio
Betty,Johnson,2021-09-14,72.42,F,,417,9,San Jose
Joseph,Anderson,2020-10-18,159.57,M,1645.98,748,10,Phoenix
Donald,Davis,2021-12-08,40.75,M,7143.55,935,10,San Diego
Patricia,Smith,2020-01-28,197.63,F,,436,6,Philadelphia
Betty,Jones,2021-11-05,104.59,F,7425.57,372,4,Chicago
John,Miller,2020-11-04,52.53,M,8402.81,216,4,Chicago
Michael,Williams,2020-07-29,29.08,M,,917,6,Phoenix
Elizabeth,Gonzalez,2021-06-14,36.85,F,5972.51,467,5,New York
Joseph,Williams,2021-09-13,104.48,M,5681.53,193,6,Houston
Maria,Gonzalez,2021-06-05,79.59,F,,267,7,Philadelphia
Patricia,Hernandez,2020-07-12,172.15,F,7978.12,814,7,San Diego
Donald,Lopez,2021-02-05,95.3,M,3442.68,440,9,Chicago
Linda,Hernandez,2020-10-29,55.21,F,,760,8,Chicago
Betty,Miller,2021-10-23,131.88,F,3558.47,794,6,San Antonio
Thomas,Garcia,2020-02-25,147.38,M,2204.46,251,6,San Antonio
Michael,Anderson,2020-09-02,38.99,M,6666.02,685,5,San Jose
Richard,Miller,2021-05-21,42.71,M,1488.99,976,1,San Jose
Karen,Davis,2021-01-30,12.56,F,7737.81,373,9,Chicago
Mary,Wilson,2020-04-25,150.86,F,3858.28,653,9,Los Angeles
Barbara,Anderson,2020-09-03,134.21,F,1001.21,595,9,San Diego
Lisa,Anderson,2021-05-26,98.39,F,5600.16,823,8,Dallas
Anthony,Miller,2021-10-15,168.04,M,1421.67,200,10,Dallas
Betty,Miller,2021-08-31,159.96,F,3485.53,656,3,San Jose
Christopher,Johnson,2020-03-13,119.59,M,,181,1,Philadelphia
Helen,Hernandez,2021-06-24,184.31,F,,628,8,San Diego
Betty,Hernandez,2020-01-13,56.18,F,8554.05,172,7,Phoenix
Anthony,Wilson,2021-01-04,27.77,M,1034.38,113,5,Los Angeles
Helen,Rodriguez,2020-11-20,62.63,F,3221.41,532,10,Dallas
Michael,Williams,2020-05-15,20.81,M,7668.14,256,7,Los Angeles
Jennifer,Hernandez,2021-01-31,115.54,F,3846.43,834,10,New York
Maria,Wilson,2021-08-05,197.52,F,1917.03,231,4,New York
Betty,Garcia,2021-03-06,13.48,F,4242.11,437,9,Houston
Barbara,Johnson,2021-01-09,40.04,F,3433.54,503,10,Los Angeles
Anthony,Williams,2021-07-13,94.93,M,8584.41,475,2,Chicago
Maria,Rodriguez,2021-11-30,189.49,F,3820.13,987,9,Dallas
Betty,Miller,2020-06-25,67.09,F,8100.39,658,9,Houston
William,Rodriguez,2021-04-27,105.19,M,9026.85,206,5,New York
Susan,Williams,2020-03-15,19.94,F,4904.36,719,1,Chicago
Mark,Lopez,2020-01-18,45.55,M,9189.49,364,7,Philadelphia
Barbara,Brown,2021-08-24,209.04,F,4395.86,304,10,Chicago
Daniel,Wilson,2020-03-10,191.51,M,,178,10,Philadelphia
Richard,Smith,2020-01-15,16.74,M,1803.61,254,4,San Diego
Robert,Gonzalez,2020-09-25,192.05,M,7183.17,882,9,San Jose
Elizabeth,Smith,2020-08-08,139.89,F,5444.33,346,6,Dallas
Thomas,Jones,2020-02-10,171.57,M,4488.84,630,3,San Diego
Mark,Davis,2020-03-02,99.0,M,6694.41,957,6,San Antonio
Mary,Hernandez,2021-02-11,112.64,F,7334.71,637,10,San Antonio
David,Lopez,2021-06-02,104.94,M,1039.27,828,6,Houston
David,Rodriguez,2020-10-20,134.34,M,2502.58,253,5,New York
Christopher,Miller,2021-10-05,38.75,M,7417.41,253,2,Philadelphia
Matthew,Rodriguez,2021-12-30,14.1,M,6997.47,785,10,Los Angeles
Maria,Miller,2021-05-28,63.93,F,9694.43,191,10,Phoenix
Margaret,Wilson,2021-03-01,150.27,F,,532,2,Dallas
Donald,Brown,2021-03-09,52.32,M,9556.95,437,7,Los Angeles
Elizabeth,Brown,2021-12-19,140.7,F,7322.86,579,2,Chicago
Charles,Davis,2021-02-15,200.91,M,3682.47,792,6,New York
Donald,Garcia,2020-03-25,25.57,M,,230,5,San Diego
Lisa,Williams,2021-10-17,136.75,F,8036.41,549,4,Philadelphia
Nancy,Jones,2021-07-03,99.37,F,6797.34,909,7,Dallas
Barbara,Brown,2021-07-04,174.94,F,1433.67,886,8,Dallas
Robert,Anderson,2021-09-22,40.04,M,4240.45,372,4,Chicago
Helen,Anderson,2020-06-05,140.59,F,9611.2,687,1,Philadelphia
Richard,Lopez,2020-10-11,174.04,M,5503.61,276,1,Phoenix
Patricia,Gonzalez,2020-03-26,199.18,F,4894.56,795,1,San Diego
Elizabeth,Johnson,2020-11-13,143.87,F,,930,1,New York
Lisa,Smith,2020-03-21,101.02,F,2879.94,742,5,New York
Charles,Gonzalez,2021-06-07,123.51,M,,974,4,Houston
Margaret,Hernandez,2020-07-27,185.32,F,4328.32,148,9,San Diego
Charles,Miller,2020-06-08,119.97,M,1471.2,666,3,Phoenix
Maria,Martinez,2021-07-03,17.99,F,7908.11,765,7,Dallas
Helen,Gonzalez,2020-11-30,192.28,F,,454,8,Philadelphia
Christopher,Anderson,2021-02-04,142.23,M,8399.62,811,6,Dallas
Thomas,Anderson,2021-08-23,144.61,M,8653.13,407,10,Chicago
Elizabeth,Anderson,2021-10-11,44.87,F,2907.95,967,1,San Jose
Charles,Smith,2021-10-27,136.3,M,6916.18,984,8,New York
Dorothy,Brown,2021-11-28,89.47,F,5250.54,729,10,San Diego
Susan,Brown,2021-10-20,135.15,F,8921.41,874,3,Chicago
Daniel,Johnson,2020-03-08,25.4,M,2941.67,145,8,Los Angeles
Joseph,Johnson,2020-11-13,136.45,M,7100.32,401,4,Houston
Karen,Martinez,2021-12-16,209.34,F,,967,8,San Jose
Lisa,Smith,2021-03-23,12.8,F,3657.71,507,1,Dallas
Thomas,Davis,2020-09-01,204.82,M,2229.41,288,3,Dallas
Dorothy,Martinez,2020-02-29,91.39,F,6864.76,921,6,San Diego
Mark,Hernandez,2020-09-07,175.19,M,7647.38,929,9,Phoenix
Barbara,Lopez,2020-03-29,156.82,F,,228,2,Chicago
Barbara,Wilson,2021-03-20,122.05,F,6803.49,660,1,Chicago
Linda,Smith,2020-04-28,155.1,F,4556.18,636,10,San Antonio
William,Brown,2021-04-09,182.21,M,7418.86,365,3,Chicago
Dorothy,Lopez,2021-09-18,93.4,F,2792.94,217,4,Houston
Patricia,Smith,2021-09-15,76.63,F,,563,5,San Antonio
Donald,Miller,2020-02-26,135.43,M,3586.69,243,3,Philadelphia
Barbara,Davis,2020-11-12,161.83,F,4310.07,541,10,Los Angeles
Maria,Brown,2021-11-13,161.9,F,1522.83,299,2,Phoenix
William,Rodriguez,2021-11-04,163.1,M,2003.61,256,2,San Diego
Matthew,Brown,2020-06-28,90.59,M,5642.76,586,7,Dallas
Anthony,Gonzalez,2020-05-02,167.56,M,3408.33,959,9,Phoenix
Helen,Wilson,2020-01-13,36.88,F,8519.32,233,10,Phoenix
Charles,Gonzalez,2021-12-25,116.97,M,1132.24,247,2,Los Angeles
Anthony,Smith,2020-05-20,15.8,M,4411.85,435,7,Houston
Margaret,Williams,2021-12-19,76.46,F,4036.11,170,7,Chicago
Thomas,Rodriguez,2020-01-12,77.53,M,1173.95,332,7,Los Angeles
Mark,Jones,2020-06-16,82.41,M,2119.32,433,3,Chicago
Michael,Brown,2021-05-23,139.85,M,4722.78,910,7,Los Angeles
Lisa,Wilson,2020-12-21,82.51,F,5435.78,765,1,Dallas
Margaret,Anderson,2021-06-19,98.14,F,4638.61,189,10,San Diego
Karen,Lopez,2021-06-13,49.43,F,5778.44,433,1,Philadelphia
Dorothy,Martinez,2020-09-22,89.63,F,6356.19,298,5,Los Angeles
Helen,Garcia,2020-06-19,47.28,F,1089.31,260,2,Chicago
Betty,Martinez,2021-01-15,24.97,F,5176.86,637,9,Dallas
Susan,Martinez,2020-05-09,121.53,F,9671.49,220,7,San Antonio
Nancy,Gonzalez,2020-10-02,142.26,F,5671.29,400,4,Chicago
Susan,Hernandez,2020-04-30,130.04,F,,823,4,Los Angeles
William,Wilson,2020-01-31,105.26,M,3806.77,674,2,Houston
Elizabeth,Garcia,2020-12-09,78.05,F,7965.92,535,5,New York
Margaret,Brown,2021-03-15,173.64,F,7956.29,167,4,San Antonio
William,Jones,2020-10-05,107.72,M,5691.66,864,1,New York
Robert,Anderson,2021-06-20,109.18,M,9784.12,558,8,San Jose
Barbara,Williams,2020-03-06,15.02,F,2129.95,613,3,Chicago
Richard,Hernandez,2020-09-26,78.87,M,1152.53,497,6,Philadelphia
Patricia,Rodriguez,2021-12-30,85.04,F,7931.42,719,4,Los Angeles
William,Brown,2021-08-13,92.08,M,8264.4,385,9,Los Angeles
Michael,Miller,2021-10-04,126.96,M,2081.87,660,7,Houston
Patricia,Jones,2020-03-19,113.53,F,3390.25,239,9,San Diego
Richard,Jones,2021-05-23,130.44,M,1157.97,829,10,Phoenix
Maria,Smith,2021-04-11,156.27,F,3639.78,655,3,Phoenix
Mark,Rodriguez,2021-06-07,168.65,M,,880,1,Dallas
Donald,Martinez,2021-01-03,146.14,M,5661.64,689,5,New York
Nancy,Anderson,2020-02-26,190.96,F,,827,3,San Jose
Donald,Lopez,2021-05-26,11.13,M,4345.65,993,6,Houston
Maria,Anderson,2021-08-03,44.41,F,1012.18,709,8,San Antonio
Richard,Williams,2020-06-19,13.4,M,3698.2,847,4,San Antonio
Charles,Hernandez,2021-01-11,142.56,M,6818.13,381,5,Chicago
Betty,Hernandez,2020-06-10,178.78,F,9767.75,760,5,Chicago
Matthew,Miller,2020-09-18,56.13,M,8623.55,915,4,Los Angeles
Karen,Rodriguez,2020-04-15,192.62,F,1212.35,677,4,New York
Barbara,Davis,2021-08-10,26.34,F,9087.05,845,4,Phoenix
David,Smith,2021-11-21,190.12,M,8048.79,556,4,Phoenix
John,Garcia,2020-04-28,81.68,M,8023.39,186,4,Houston
Daniel,Hernandez,2020-08-21,28.93,M,5121.96,178,5,Chicago
Maria,Hernandez,2021-06-05,109.18,F,4582.05,304,2,San Jose
Betty,Miller,2020-01-03,57.56,F,,890,2,Houston
Michael,Gonzalez,2020-02-15,60.76,M,1591.25,436,9,Houston
Margaret,Rodriguez,2020-01-13,71.08,F,3054.12,353,2,Chicago
Charles,Garcia,2020-09-07,171.86,M,3219.43,403,6,Chicago
Lisa,Lopez,2020-02-17,115.27,F,,479,2,San Antonio
Daniel,Miller,2021-04-28,69.69,M,7727.0,229,5,Dallas
Mark,Miller,2021-01-07,134.13,M,5264.29,695,4,Los Angeles
John,Williams,2021-01-27,146.71,M,1520.6,375,7,San Diego
Richard,Jones,2020-06-02,58.68,M,9620.11,798,7,Philadelphia
Richard,Miller,2020-07-02,88.75,M,9484.52,657,6,Chicago
Donald,Williams,2020-02-06,37.41,M,8066.71,998,10,Los Angeles
Anthony,Gonzalez,2021-07-20,50.64,M,9921.95,282,5,San Diego
Maria,Rodriguez,2021-11-02,140.48,F,5900.34,367,1,Phoenix
Robert,Davis,2021-03-05,51.9,M,9664.92,907,3,Los Angeles
Matthew,Brown,2020-08-17,110.09,M,1680.45,421,9,Philadelphia
Jennifer,Wilson,2020-11-25,141.43,F,4291.13,611,1,Chicago
Robert,Brown,2020-09-11,28.99,M,3028.43,711,5,San Jose
Lisa,Jones,2021-03-02,118.73,F,,177,2,Phoenix
John,Wilson,2020-11-23,55.29,M,2267.23,883,4,Dallas
Barbara,Lopez,2020-10-04,204.54,F,,438,1,Los Angeles
Dorothy,Williams,2020-03-20,101.12,F,,773,3,Phoenix
Michael,Gonzalez,2021-08-08,174.0,M,6204.69,655,10,San Diego
Robert,Davis,2021-01-16,115.17,M,2322.66,608,7,Los Angeles
Barbara,Anderson,2020-05-02,15.83,F,8300.11,337,10,San Diego
David,Smith,2021-05-29,137.7,M,6723.59,233,3,Dallas
Linda,Rodriguez,2021-11-20,189.42,F,,291,4,Dallas
Nancy,Miller,2020-02-23,132.86,F,7067.17,455,2,Phoenix
Karen,Miller,2020-07-02,167.83,F,3339.14,377,3,Houston
Elizabeth,Rodriguez,2020-08-16,175.53,F,,117,9,Phoenix
John,Rodriguez,2021-06-12,46.69,M,9257.37,623,3,Dallas
Dorothy,Williams,2020-02-17,44.9,F,3614.54,279,5,Phoenix
Maria,Miller,2021-02-14,130.06,F,5229.89,222,2,New York
Matthew,Brown,2020-03-11,96.68,M,9011.27,345,4,New York
Christopher,Jones,2021-04-21,180.6,M,,833,7,New York
Lisa,Brown,2020-10-16,188.54,F,,472,7,Chicago
Matthew,Garcia,2020-11-14,70.93,M,2325.73,150,3,New York
Betty,Hernandez,2020-12-01,49.06,F,1070.57,170,5,Philadelphia
Karen,Johnson,2020-03-29,168.28,F,,579,1,New York
Christopher,Anderson,2021-07-20,63.97,M,5029.06,659,10,Phoenix
Jennifer,Davis,2021-04-12,168.75,F,,118,10,Phoenix
Lisa,Wilson,2020-01-09,91.31,F,9621.41,873,10,Los Angeles
Thomas,Garcia,2021-01-12,141.34,M,5766.94,183,1,San Antonio
Mary,Johnson,2020-07-24,30.05,F,,254,5,Phoenix
Betty,Rodriguez,2020-10-25,129.34,F,5505.43,664,10,San Jose
Charles,Lopez,2021-07-31,104.95,M,7116.58,718,9,San Jose
Lisa,Wilson,2020-11-07,119.25,F,1686.15,456,1,Chicago
Susan,Brown,2021-09-29,42.55,F,3472.33,915,1,Philadelphia
Maria,Smith,2020-09-05,156.9,F,8262.69,746,4,Philadelphia
Thomas,Jones,2021-04-20,180.95,M,5136.98,542,4,Philadelphia
Elizabeth,Miller,2021-01-12,52.47,F,5919.19,168,2,San Antonio
Helen,Hernandez,2021-08-28,33.94,F,4895.34,622,9,San Jose
Susan,Martinez,2021-05-20,7.48,F,1395.1,242,9,Houston
Mark,Martinez,2020-07-19,141.61,M,2491.75,291,2,Dallas
Elizabeth,Smith,2021-07-13,124.7,F,,486,9,San Diego
William,Wilson,2020-09-08,123.27,M,2882.67,477,6,San Jose
Patricia,Johnson,2020-06-03,51.55,F,1449.81,680,8,San Jose
Joseph,Brown,2020-01-07,90.63,M,8592.85,634,10,Dallas
Joseph,Gonzalez,2021-02-23,128.88,M,9830.73,792,4,Chicago
Lisa,Gonzalez,2020-01-25,108.35,F,8138.29,392,2,San Antonio
John,Martinez,2020-08-26,208.71,M,8684.06,108,2,Philadelphia
Richard,Lopez,2021-07-08,29.41,M,3177.79,370,9,Chicago
William,Hernandez,2020-12-20,141.4,M,,486,1,Houston
David,Rodriguez,2021-10-13,93.06,M,2772.33,192,7,Chicago
Donald,Brown,2021-12-11,94.47,M,9562.87,628,3,San Antonio
Helen,Davis,2020-01-10,153.04,F,9953.37,253,3,Philadelphia
John,Brown,2020-12-09,150.5,M,,504,2,Phoenix
Barbara,Wilson,2020-01-02,197.19,F,9830.29,939,10,Phoenix
Matthew,Anderson,2021-11-04,28.75,M,6125.86,248,6,New York
Thomas,Garcia,2021-01-20,25.63,M,,988,10,Houston
Nancy,Jones,2020-11-10,146.98,F,4932.96,366,2,San Diego
Matthew,Anderson,2020-04-16,116.91,M,6342.05,521,10,San Jose
Anthony,Smith,2020-07-29,56.07,M,1657.73,939,4,Phoenix
David,Brown,2021-06-26,27.53,M,6601.09,717,10,Phoenix
Matthew,Anderson,2020-08-31,23.53,M,9830.6,571,9,Chicago
Daniel,Brown,2021-03-05,176.53,M,2710.97,992,9,Phoenix
Susan,Lopez,2021-05-18,40.04,F,8133.36,646,6,Dallas
Jennifer,Johnson,2020-03-02,66.66,F,9171.09,730,4,Dallas
Matthew,Lopez,2020-05-25,54.36,M,9493.31,625,7,San Diego
Jennifer,Gonzalez,2021-12-29,85.12,F,9641.22,602,1,San Diego
Elizabeth,Davis,2020-10-13,27.11,F,,113,4,Phoenix
William,Anderson,2020-04-05,109.03,M,9795.77,877,5,Dallas
William,Brown,2020-02-14,15.31,M,7815.79,751,8,New York
Matthew,Lopez,2020-08-25,162.34,M,2455.04,905,2,San Jose
Karen,Martinez,2021-06-16,60.3,F,5292.1,463,5,Houston
Barbara,Lopez,2021-02-26,120.63,F,,218,6,Houston
Joseph,Brown,2021-12-18,182.48,M,,337,5,Philadelphia
Christopher,Miller,2021-01-16,135.41,M,6765.54,645,9,San Diego
Margaret,Anderson,2021-04-14,119.45,F,6999.4,268,10,Houston
Patricia,Brown,2020-03-27,80.03,F,2464.3,621,1,Dallas
Elizabeth,Rodriguez,2021-08-17,73.41,F,6085.77,733,3,Los Angeles
Michael,Garcia,2020-04-07,142.93,M,7944.64,756,2,Houston
Matthew,Gonzalez,2021-06-01,206.68,M,5490.06,834,3,Houston
Elizabeth,Jones,2020-05-16,145.84,F,1108.93,982,10,Los Angeles
John,Miller,2021-10-14,121.0,M,1081.35,868,9,Phoenix
Nancy,Davis,2021-02-07,157.93,F,4213.26,879,9,San Jose
Lisa,Rodriguez,2020-03-17,98.49,F,9335.75,970,10,Houston
Susan,Hernandez,2021-08-29,13.84,F,3058.09,615,2,Philadelphia
John,Garcia,2021-08-04,115.55,M,6709.27,496,3,San Jose
Susan,Jones,2020-03-04,191.96,F,2998.68,965,4,San Jose
Richard,Jones,2021-03-21,45.95,M,3895.03,205,9,Houston
John,Garcia,2021-11-09,150.92,M,8632.38,184,3,San Antonio
Mark,Rodriguez,2020-05-13,45.56,M,7559.75,313,7,Houston
Mark,Anderson,2020-08-30,120.84,M,1858.59,220,3,San Antonio
Joseph,Davis,2020-10-25,31.55,M,4858.32,231,7,San Antonio
Daniel,Davis,2020-09-24,91.37,M,1262.53,949,7,New York
Linda,Johnson,2020-11-18,161.4,F,5328.01,296,9,Houston
Christopher,Gonzalez,2021-02-06,83.74,M,6961.91,118,2,San Jose
Patricia,Lopez,2021-12-18,134.55,F,,741,6,Dallas
Patricia,Davis,2020-11-30,162.22,F,3599.96,111,9,Dallas
Maria,Gonzalez,2020-11-21,194.8,F,4580.53,180,2,San Jose
Karen,Wilson,2021-04-08,57.81,F,9275.78,429,2,San Antonio
Karen,Garcia,2020-10-05,90.31,F,9939.3,965,5,San Antonio
Susan,Anderson,2020-08-27,38.23,F,1404.2,873,10,San Antonio
Elizabeth,Brown,2020-03-17,197.57,F,7849.07,491,10,Philadelphia
Maria,Garcia,2020-07-26,183.4,F,4345.52,736,10,Dallas
Christopher,Garcia,2020-05-19,111.87,M,4532.12,406,8,Phoenix
Matthew,Miller,2021-08-21,178.71,M,7788.38,366,9,Phoenix
Anthony,Smith,2020-04-21,103.93,M,9265.84,546,2,Chicago
William,Martinez,2020-06-08,132.58,M,9558.36,540,5,San Diego
Robert,Wilson,2020-04-18,32.21,M,6194.1,994,7,Phoenix
Michael,Brown,2020-06-17,156.53,M,4214.09,751,6,San Diego
Linda,Lopez,2021-04-05,33.58,F,8087.94,940,6,New York
Joseph,Williams,2021-04-22,178.0,M,3259.01,101,7,Los Angeles
Susan,Smith,2020-11-17,163.9,F,6076.67,619,3,Houston
William,Jones,2021-02-20,145.3,M,4227.21,861,3,Chicago
David,Rodriguez,2020-05-03,22.34,M,6909.68,750,10,Philadelphia
Susan,Anderson,2021-07-02,63.54,F,3163.59,735,9,Dallas
William,Martinez,2021-01-01,63.76,M,2724.34,408,8,San Jose
Karen,Martinez,2020-07-31,85.24,F,9264.15,839,5,Phoenix
Dorothy,Lopez,2021-04-07,29.94,F,1916.23,621,6,Houston
Helen,Miller,2020-11-11,190.25,F,,568,10,Chicago
Robert,Jones,2021-04-19,114.46,M,2987.68,311,1,Los Angeles
Lisa,Williams,2020-09-28,66.6,F,,211,10,Houston
David,Brown,2020-05-02,92.46,M,1324.17,107,1,Houston
Patricia,Garcia,2020-04-02,94.44,F,2577.0,903,4,San Antonio
Anthony,Brown,2020-06-10,129.07,M,8800.93,576,2,San Diego
Matthew,Miller,2021-12-03,110.44,M,3542.31,973,7,Philadelphia
Helen,Martinez,2020-11-07,190.43,F,9554.13,559,2,New York
Robert,Wilson,2021-12-22,109.06,M,6234.6,352,10,Dallas
David,Brown,2021-12-14,205.33,M,4929.53,625,2,San Diego
Elizabeth,Davis,2021-09-09,182.72,F,,851,5,Dallas
Susan,Rodriguez,2020-02-11,51.51,F,,537,4,San Diego
Christopher,Hernandez,2020-08-08,184.9,M,7828.99,853,8,Philadelphia
Charles,Hernandez,2020-12-01,31.03,M,3542.46,953,4,Phoenix
Dorothy,Garcia,2020-05-31,162.94,F,4177.45,760,6,Philadelphia
Robert,Jones,2020-04-03,78.87,M,9046.85,335,5,San Jose
Daniel,Gonzalez,2021-12-29,175.37,M,9518.11,405,2,New York
Dorothy,Wilson,2020-09-11,172.79,F,9033.02,577,8,Houston
Mary,Davis,2020-12-30,161.44,F,4775.03,778,2,San Antonio
Lisa,Lopez,2021-02-09,165.7,F,8023.29,119,9,San Jose
Dorothy,Hernandez,2021-06-09,63.79,F,5287.02,315,9,Chicago
Anthony,Lopez,2020-02-20,28.06,M,5477.86,954,3,Chicago
Thomas,Davis,2021-11-24,93.41,M,2842.12,234,4,New York
Helen,Davis,2020-11-02,41.27,F,6320.17,228,8,Chicago
Christopher,Williams,2020-09-23,149.96,M,2675.22,509,9,New York
Mark,Lopez,2020-06-27,80.92,M,3984.08,521,3,San Diego
Robert,Gonzalez,2020-02-01,196.44,M,8695.27,393,5,Philadelphia
Charles,Garcia,2021-02-18,138.59,M,2863.68,345,8,Phoenix
Daniel,Williams,2021-04-08,174.59,M,1640.42,800,3,San Jose
Michael,Williams,2021-07-23,40.57,M,1621.07,655,7,Philadelphia
Matthew,Lopez,2021-07-17,178.95,M,,185,8,San Antonio
Daniel,Rodriguez,2020-09-12,188.98,M,,655,10,Houston
Betty,Davis,2020-04-06,109.63,F,4684.71,941,3,San Antonio
Mary,Williams,2021-04-18,131.46,F,8297.91,474,2,Philadelphia
Richard,Anderson,2020-04-14,154.14,M,,545,10,Phoenix
Robert,Anderson,2020-05-23,44.97,M,3989.72,477,7,Phoenix
Maria,Rodriguez,2020-05-04,112.48,F,7242.56,489,9,Los Angeles
Betty,Hernandez,2020-01-13,81.31,F,7940.11,756,1,Chicago
Lisa,Smith,2020-03-04,37.21,F,6891.86,150,3,San Diego
Susan,Rodriguez,2020-08-15,76.48,F,2364.36,341,5,Dallas
William,Smith,2020-05-13,20.71,M,8882.95,393,3,New York
Dorothy,Wilson,2020-07-21,11.96,F,,662,1,Chicago
Lisa,Wilson,2021-02-14,32.9,F,,365,7,Philadelphia
John,Johnson,2021-01-16,197.31,M,4827.05,219,7,San Antonio
Thomas,Wilson,2021-12-03,109.83,M,,811,10,San Diego
David,Hernandez,2021-10-07,193.88,M,2150.8,347,8,Philadelphia
Matthew,Smith,2021-10-22,101.26,M,7889.92,169,5,Houston
John,Gonzalez,2020-03-27,77.4,M,1000.1,952,10,Philadelphia
Dorothy,Smith,2021-08-19,102.68,F,4749.09,156,5,Dallas
Nancy,Miller,2021-08-23,88.14,F,5702.59,481,5,Philadelphia
Thomas,Williams,2020-09-22,28.06,M,1491.71,138,1,Dallas
Charles,Wilson,2020-03-17,141.18,M,9757.7,900,10,New York
Mark,Hernandez,2020-01-23,52.65,M,,542,5,New York
Susan,Brown,2020-03-07,127.01,F,3737.79,117,6,New York
Lisa,Johnson,2020-07-21,129.58,F,3735.48,831,1,San Jose
Susan,Lopez,2021-10-23,33.29,F,3073.75,924,7,San Jose
Elizabeth,Williams,2021-03-30,17.42,F,1013.26,855,1,San Jose
Elizabeth,Smith,2020-05-11,168.1,F,,451,2,Chicago
Joseph,Brown,2020-04-04,105.86,M,,915,2,San Diego
Barbara,Rodriguez,2020-12-05,14.03,F,3018.64,397,5,San Antonio
Michael,Davis,2020-05-05,209.34,M,6967.42,382,10,Philadelphia
Donald,Garcia,2020-02-13,19.04,M,7677.07,685,7,San Antonio
Nancy,Smith,2021-04-17,140.6,F,8635.83,209,1,Los Angeles
Betty,Martinez,2020-02-21,204.11,F,,279,10,San Jose
Anthony,Hernandez,2020-06-21,48.75,M,3726.38,643,1,San Antonio
Maria,Hernandez,2021-08-10,39.09,F,3927.66,845,1,San Jose
Anthony,Anderson,2021-03-19,29.43,M,7413.59,893,6,Houston
Betty,Martinez,2021-02-08,72.8,F,8351.02,124,2,Los Angeles
Matthew,Anderson,2021-05-23,29.23,M,2634.53,942,1,Dallas
Christopher,Davis,2020-01-31,137.42,M,4338.47,890,6,Dallas
Lisa,Hernandez,2021-01-26,26.37,F,9117.46,837,2,Dallas
Michael,Davis,2021-11-30,101.9,M,8260.24,156,6,San Antonio
Joseph,Smith,2021-03-12,200.51,M,9863.73,279,10,San Jose
Thomas,Smith,2020-06-25,172.95,M,7788.23,331,8,Phoenix
Maria,Rodriguez,2020-12-28,126.05,F,,993,2,Houston
Richard,Rodriguez,2020-08-07,63.01,M,6315.74,442,9,San Diego
Nancy,Miller,2020-07-10,126.38,F,6949.13,576,8,Chicago
Charles,Smith,2020-10-08,106.34,M,1706.1,898,10,New York
Anthony,Smith,2020-10-13,87.95,M,5900.47,675,1,Phoenix
Richard,Rodriguez,2021-04-01,27.68,M,7383.89,554,7,Philadelphia
Nancy,Lopez,2020-06-01,186.9,F,,331,10,San Antonio
Maria,Jones,2020-02-05,99.42,F,8025.69,388,6,New York
Daniel,Rodriguez,2021-09-20,54.19,M,6253.96,312,6,San Jose
Lisa,Jones,2021-09-26,82.19,F,9570.0,357,6,San Diego
Susan,Smith,2021-09-23,86.76,F,1381.8,629,6,Philadelphia
Linda,Rodriguez,2020-09-08,166.78,F,3387.94,786,10,San Antonio
Dorothy,Wilson,2021-10-24,148.34,F,,328,7,San Antonio
Robert,Lopez,2020-10-29,161.29,M,,325,3,Houston
Susan,Hernandez,2021-05-25,15.0,F,7429.82,695,6,Los Angeles
Donald,Miller,2021-02-25,85.28,M,7831.05,902,3,San Antonio
Matthew,Gonzalez,2021-07-17,100.83,M,1922.64,534,7,New York
Mark,Anderson,2021-05-05,11.32,M,,981,7,San Diego
Linda,Williams,2020-03-03,57.4,F,5580.02,857,8,Phoenix
Anthony,Johnson,2020-03-30,164.29,M,4323.53,501,2,Philadelphia
Jennifer,Anderson,2020-10-13,32.18,F,9396.32,721,9,San Diego
Maria,Johnson,2021-01-27,108.32,F,,865,5,Los Angeles
Betty,Rodriguez,2020-05-20,46.46,F,,187,9,San Antonio
Daniel,Williams,2021-03-05,18.75,M,7428.94,683,10,San Diego
Maria,Brown,2020-07-23,61.71,F,5155.45,992,5,Dallas
Lisa,Brown,2021-10-20,203.34,F,9288.95,641,7,San Antonio
Karen,Martinez,2021-06-22,172.33,F,,783,9,Los Angeles
Thomas,Rodriguez,2020-09-12,195.34,M,7560.83,408,4,Los Angeles
Robert,Jones,2021-10-07,106.15,M,8755.22,442,2,New York
Daniel,Wilson,2021-07-10,28.9,M,3466.64,535,9,San Diego
Barbara,Garcia,2020-01-20,121.4,F,8263.64,276,2,San Diego
Maria,Jones,2021-01-26,96.56,F,2757.17,238,3,San Antonio
Karen,Gonzalez,2021-12-31,176.51,F,,293,10,Los Angeles
Betty,Miller,2021-01-02,32.42,F,4020.49,285,2,Dallas
Michael,Johnson,2021-05-06,98.49,M,9806.73,317,3,Chicago
Helen,Garcia,2021-07-11,37.68,F,8708.84,263,6,San Antonio
Richard,Miller,2021-05-11,68.37,M,7310.53,260,3,Philadelphia
Elizabeth,Davis,2020-12-18,149.71,F,7543.51,624,10,Los Angeles
Charles,Martinez,2021-08-02,99.71,M,,907,8,Philadelphia
Thomas,Brown,2021-05-29,90.03,M,9523.82,700,6,San Jose
Daniel,Lopez,2020-11-25,85.88,M,,935,7,San Diego
Linda,Brown,2021-02-01,95.13,F,4424.66,141,1,Los Angeles
Christopher,Jones,2020-10-03,162.54,M,2467.32,309,3,Houston
Dorothy,Hernandez,2020-07-03,181.46,F,8075.85,840,3,Chicago
Susan,Wilson,2020-01-27,192.07,F,7610.0,961,2,Los Angeles
Linda,Wilson,2020-11-22,161.68,F,4459.2,374,7,San Diego
Daniel,Johnson,2021-09-03,71.73,M,1226.74,378,9,Philadelphia
David,Hernandez,2020-08-12,145.79,M,8550.98,350,4,Los Angeles
Helen,Wilson,2020-01-31,91.52,F,1102.76,409,5,Philadelphia
Helen,Hernandez,2020-10-14,61.71,F,7333.3,819,3,Phoenix
Thomas,Gonzalez,2020-02-29,176.66,M,9732.31,932,9,Dallas
Joseph,Smith,2021-04-28,22.71,M,4938.95,239,4,Phoenix
Dorothy,Johnson,2021-06-26,184.55,F,3114.76,891,5,Houston
Charles,Miller,2021-01-01,104.58,M,7343.84,645,1,Dallas
Susan,Miller,2021-08-21,126.72,F,8354.15,920,2,Los Angeles
Barbara,Miller,2020-08-26,136.59,F,,629,9,Philadelphia
Betty,Rodriguez,2020-06-12,180.68,F,9703.32,156,2,San Jose
William,Davis,2020-04-12,138.21,M,,211,5,Houston
Richard,Smith,2020-09-10,126.87,M,5543.16,104,8,San Diego
Nancy,Hernandez,2021-11-03,20.91,F,7466.09,509,3,Dallas
Mark,Smith,2020-09-03,110.3,M,8763.76,513,6,San Jose
Elizabeth,Lopez,2020-09-29,36.76,F,2613.3,281,4,San Jose
Mark,Williams,2021-06-30,147.8,M,8200.03,112,7,Phoenix
Nancy,Johnson,2020-02-27,103.84,F,5974.36,438,10,San Antonio
Helen,Davis,2020-08-12,137.42,F,4568.98,896,3,New York
Susan,Wilson,2021-08-12,12.21,F,2185.44,358,6,Dallas
Helen,Miller,2021-02-01,24.46,F,8787.66,189,10,San Antonio
Anthony,Hernandez,2020-12-29,149.25,M,,715,9,Los Angeles
Anthony,Gonzalez,2020-06-26,24.15,M,3788.09,990,10,Los Angeles
Daniel,Garcia,2020-06-29,22.79,M,3610.41,797,1,San Jose
David,Martinez,2020-08-30,5.84,M,8842.73,349,3,Houston
Nancy,Wilson,2021-08-29,197.59,F,7054.33,354,2,Houston
Lisa,Johnson,2020-11-21,148.22,F,8170.13,687,8,San Antonio
Lisa,Anderson,2021-12-15,74.9,F,,997,7,Philadelphia
Daniel,Rodriguez,2021-01-02,61.97,M,6623.87,207,2,New York
Elizabeth,Anderson,2021-08-28,78.52,F,,767,6,Houston
Mary,Smith,2020-01-29,165.82,F,8495.47,693,3,New York
Nancy,Brown,2021-12-21,138.7,F,9154.78,688,8,Philadelphia
Donald,Brown,2021-12-18,39.81,M,1109.41,584,10,New York
Matthew,Anderson,2020-12-26,44.57,M,,357,3,San Diego
William,Wilson,2021-08-04,33.75,M,,738,10,Chicago
Thomas,Lopez,2021-07-31,138.13,M,,381,9,Phoenix
Jennifer,Anderson,2020-05-25,159.71,F,3588.69,187,1,Dallas
Helen,Martinez,2021-07-30,58.31,F,3760.99,303,5,Phoenix
Michael,Davis,2020-07-11,11.77,M,4176.63,115,3,New York
Mark,Jones,2021-05-19,30.72,M,6591.63,250,6,San Antonio
Karen,Smith,2021-07-09,205.61,F,4006.45,353,10,Phoenix
Mark,Anderson,2020-11-12,68.72,M,,287,2,New York
Robert,Johnson,2020-06-28,156.42,M,4640.75,428,9,Chicago
Robert,Hernandez,2021-05-17,126.95,M,1615.18,643,6,Philadelphia
William,Anderson,2020-02-08,78.89,M,8053.84,882,7,Dallas
Nancy,Jones,2020-04-02,42.62,F,3571.82,496,5,New York
Maria,Anderson,2020-02-27,36.26,F,4894.9,616,9,Philadelphia
Karen,Rodriguez,2020-08-26,135.77,F,7168.99,558,1,New York
Patricia,Martinez,2021-09-08,167.17,F,3992.11,429,5,San Diego
Mary,Hernandez,2020-08-12,130.97,F,1509.27,919,10,Phoenix
Robert,Smith,2020-01-21,106.1,M,4365.29,944,6,Philadelphia
Daniel,Williams,2021-06-23,21.09,M,9500.04,268,7,Chicago
Elizabeth,Anderson,2021-05-04,203.56,F,6775.61,792,4,Philadelphia
Betty,Wilson,2020-01-01,172.72,F,7043.31,465,1,Phoenix
Jennifer,Garcia,2020-12-05,65.12,F,6690.54,277,8,San Jose
William,Smith,2021-09-20,206.94,M,2790.93,754,10,San Antonio
Christopher,Brown,2020-07-25,130.4,M,4765.0,461,4,Los Angeles
Margaret,Martinez,2020-05-13,123.2,F,7758.46,859,3,Houston
Christopher,Williams,2020-12-14,150.05,M,1912.36,738,7,Philadelphia
Robert,Gonzalez,2020-06-30,170.13,M,,874,2,Houston
Susan,Wilson,2020-11-27,131.16,F,3486.87,139,8,San Jose
Elizabeth,Lopez,2020-03-01,34.14,F,,515,6,San Jose
Patricia,Wilson,2020-01-23,74.24,F,9823.32,454,7,Philadelphia
John,Miller,2020-05-31,190.35,M,1607.52,354,5,San Jose
Joseph,Anderson,2021-08-23,47.6,M,5668.31,242,9,San Diego
William,Johnson,2021-12-22,85.93,M,2614.28,851,5,Houston
Linda,Jones,2020-05-25,96.33,F,9736.09,839,5,New York
Richard,Williams,2020-04-23,96.76,M,2019.73,952,3,Los Angeles
Nancy,Martinez,2021-06-22,124.61,F,4632.41,809,1,Phoenix
Margaret,Brown,2021-01-08,188.39,F,7640.96,676,2,Philadelphia
Matthew,Martinez,2020-03-15,58.74,M,7340.99,999,8,San Antonio
Helen,Wilson,2021-01-17,38.53,F,4804.56,110,1,San Antonio
Robert,Wilson,2021-12-22,46.24,M,,719,7,San Jose
Dorothy,Miller,2021-11-09,185.32,F,4578.51,125,5,San Antonio
David,Hernandez,2021-02-09,129.78,M,3378.49,520,3,Los Angeles
Richard,Anderson,2021-08-23,65.9,M,2848.0,762,7,Philadelphia
Joseph,Rodriguez,2020-04-13,165.71,M,,320,9,San Antonio
Betty,Garcia,2020-12-10,176.34,F,3416.8,952,2,Philadelphia
Daniel,Miller,2020-11-05,169.0,M,3587.15,595,8,Los Angeles
Donald,Gonzalez,2020-11-26,187.36,M,6910.8,336,9,Phoenix
Jennifer,Lopez,2020-05-19,53.7,F,9716.84,336,3,San Diego
David,Williams,2020-06-10,155.31,M,6432.73,318,2,Los Angeles
Robert,Gonzalez,2021-03-23,99.47,M,1692.82,586,7,Phoenix
Betty,Lopez,2021-10-16,181.1,F,1680.25,560,5,Philadelphia
Daniel,Lopez,2021-05-13,151.47,M,9562.81,762,5,Dallas
Daniel,Johnson,2021-10-26,168.27,M,,734,10,Los Angeles
Mary,Rodriguez,2020-11-20,144.39,F,1828.6,243,5,Los Angeles
Richard,Lopez,2020-06-27,48.84,M,6391.4,288,4,Dallas
Michael,Garcia,2021-12-25,115.97,M,6612.84,354,5,Philadelphia
Barbara,Smith,2021-07-29,208.39,F,6836.54,167,4,San Diego
Anthony,Johnson,2021-12-11,194.55,M,3406.62,715,6,Philadelphia
Dorothy,Miller,2021-09-20,16.67,F,1136.0,435,4,Phoenix
Mark,Brown,2020-12-31,48.1,M,,770,2,New York
Anthony,Wilson,2020-08-16,34.75,M,3258.04,920,9,Philadelphia
Donald,Johnson,2021-11-12,153.55,M,7084.24,973,2,Chicago
Elizabeth,Garcia,2021-08-26,175.68,F,7359.67,508,9,San Antonio
Linda,Martinez,2020-06-28,58.38,F,6490.07,399,10,Houston
Margaret,Gonzalez,2021-01-22,108.02,F,3816.17,701,6,Los Angeles
Michael,Martinez,2020-11-10,179.43,M,3439.87,456,9,Philadelphia
Mark,Martinez,2021-12-06,152.32,M,6379.01,355,9,Los Angeles
John,Miller,2020-10-28,110.95,M,8794.86,452,3,New York
Anthony,Gonzalez,2020-05-10,128.36,M,9520.6,831,1,Phoenix
Richard,Garcia,2020-06-30,105.66,M,1953.15,620,1,Dallas
David,Smith,2020-01-02,66.8,M,,623,3,Philadelphia
Matthew,Hernandez,2021-12-19,117.04,M,9502.63,936,5,Philadelphia
Robert,Jones,2021-08-09,143.44,M,7628.82,855,3,Phoenix
Susan,Gonzalez,2021-02-04,183.56,F,8946.94,793,9,Chicago
Richard,Davis,2021-08-04,131.12,M,2823.69,383,9,Phoenix
Patricia,Davis,2020-02-03,165.23,F,,411,3,New York
William,Brown,2020-07-05,46.37,M,7310.26,198,3,San Antonio
Mary,Garcia,2021-09-08,106.91,F,7121.01,296,5,San Jose
Helen,Rodriguez,2020-11-21,10.73,F,4673.37,581,2,Chicago
Margaret,Miller,2021-09-18,62.77,F,1138.55,977,6,Phoenix
Daniel,Miller,2020-08-14,148.95,M,6246.33,325,7,San Diego
Mary,Williams,2021-10-16,196.8,F,3277.91,944,9,Houston
Betty,Hernandez,2021-08-02,26.46,F,5052.29,714,6,Houston
Daniel,Martinez,2020-04-16,93.73,M,,717,3,Los Angeles
Matthew,Hernandez,2021-05-23,172.23,M,4591.32,464,5,New York
Patricia,Miller,2020-05-24,56.11,F,8558.21,467,4,San Jose
Jennifer,Johnson,2020-12-05,120.2,F,2696.87,669,5,New York
Patricia,Gonzalez,2020-03-20,152.71,F,7052.14,689,8,Philadelphia
Christopher,Martinez,2020-08-31,129.29,M,,174,8,Dallas
Margaret,Jones,2020-12-21,38.79,F,1917.04,141,6,Philadelphia
Maria,Gonzalez,2020-11-23,82.9,F,1074.88,521,1,Phoenix
Margaret,Brown,2020-06-20,168.71,F,4902.25,935,8,San Diego
Thomas,Lopez,2021-10-13,113.89,M,,280,8,New York
Patricia,Johnson,2020-03-31,7.14,F,7735.46,644,2,Los Angeles
Patricia,Johnson,2021-12-26,153.29,F,9230.94,170,4,Chicago
Lisa,Jones,2021-11-17,10.18,F,4906.19,667,2,Dallas
Margaret,Williams,2021-10-16,150.27,F,3328.4,204,4,Chicago
Barbara,Miller,2020-12-09,49.45,F,,299,10,Phoenix
Donald,Lopez,2021-04-02,189.99,M,7511.03,200,7,San Diego
Richard,Gonzalez,2020-01-12,82.18,M,1081.49,867,9,Chicago
Maria,Hernandez,2020-09-28,69.97,F,6305.09,406,8,San Antonio
Robert,Williams,2020-08-02,39.34,M,6519.63,685,9,Dallas
Richard,Lopez,2020-09-12,67.96,M,6739.19,782,8,New York
Jennifer,Miller,2021-12-10,182.45,F,3178.2,476,2,San Antonio
Lisa,Garcia,2020-03-10,209.04,F,,754,7,Philadelphia
Patricia,Garcia,2020-12-24,81.3,F,1822.52,777,2,Houston
Robert,Johnson,2020-09-19,91.22,M,2793.43,498,2,Philadelphia
Robert,Johnson,2020-04-20,143.34,M,8897.23,872,4,San Antonio
Jennifer,Smith,2020-01-02,174.88,F,7648.51,320,1,San Antonio
Margaret,Jones,2020-02-19,119.41,F,,694,5,Philadelphia
Thomas,Davis,2021-01-30,81.78,M,3235.39,281,6,Phoenix
Lisa,Garcia,2021-03-24,96.01,F,2929.66,406,9,New York
Richard,Gonzalez,2021-03-05,149.46,M,3437.26,621,10,Dallas
Karen,Jones,2020-06-19,13.75,F,3228.04,495,8,Chicago
Donald,Johnson,2021-02-27,136.89,M,1562.74,103,2,Philadelphia
Elizabeth,Williams,2021-05-19,72.72,F,5130.46,962,1,Phoenix
Jennifer,Johnson,2021-01-22,169.77,F,7594.6,947,2,Philadelphia
Thomas,Williams,2020-12-25,29.91,M,6460.59,903,7,Philadelphia
Daniel,Miller,2021-07-13,123.45,M,,380,4,Philadelphia
Mark,Davis,2021-01-19,105.39,M,1730.34,314,10,New York
Mark,Rodriguez,2020-04-13,134.8,M,,709,5,Phoenix
Patricia,Rodriguez,2021-05-05,20.98,F,8546.43,519,7,Houston
Dorothy,Rodriguez,2021-08-14,124.08,F,8245.81,200,3,Dallas
Charles,Miller,2021-10-28,122.11,M,,620,10,New York
Karen,Johnson,2021-12-04,121.24,F,9394.39,672,2,Los Angeles
Dorothy,Smith,2020-08-18,119.86,F,5898.29,408,7,Chicago
Margaret,Johnson,2020-06-15,144.79,F,2802.54,757,5,Los Angeles
Donald,Garcia,2021-04-07,167.21,M,,609,1,San Diego
Nancy,Rodriguez,2020-03-16,65.65,F,7685.93,162,1,San Antonio
Michael,Johnson,2020-02-04,163.77,M,7641.26,732,9,Houston
Anthony,Martinez,2020-10-28,99.33,M,5693.04,325,5,Philadelphia
Richard,Martinez,2020-01-21,25.55,M,1616.13,204,1,San Antonio
Michael,Gonzalez,2020-11-22,26.25,M,4340.02,871,7,Chicago
Dorothy,Garcia,2020-09-24,67.59,F,,960,9,Phoenix
Patricia,Wilson,2020-04-17,166.18,F,6260.04,524,1,Chicago
Daniel,Miller,2020-03-16,151.8,M,5844.99,354,10,Chicago
Patricia,Smith,2020-12-16,166.44,F,3419.68,528,4,San Antonio
Barbara,Jones,2020-06-23,115.91,F,4316.04,533,3,Philadelphia
Joseph,Miller,2021-01-19,93.23,M,9058.11,306,5,Philadelphia
Richard,Miller,2020-06-13,31.53,M,6998.17,127,7,Los Angeles
Richard,Gonzalez,2020-03-17,69.99,M,8086.48,781,8,Chicago
Dorothy,Johnson,2021-07-14,96.23,F,5089.11,435,2,New York
Helen,Lopez,2020-04-05,20.98,F,6672.22,687,7,New York
Michael,Anderson,2020-12-12,46.93,M,3235.45,727,1,New York
Mary,Rodriguez,2021-08-31,121.5,F,7349.15,168,7,Los Angeles
Elizabeth,Anderson,2021-09-20,152.06,F,4848.41,965,8,Houston
Charles,Brown,2021-05-09,209.82,M,4982.91,845,2,Philadelphia
Joseph,Martinez,2021-12-22,191.07,M,6843.9,612,9,Houston
William,Rodriguez,2020-02-01,130.31,M,9426.53,266,1,New York
Patricia,Williams,2021-03-17,85.14,F,1576.06,963,6,Philadelphia
Robert,Hernandez,2021-10-31,131.86,M,8422.69,829,1,New York
Daniel,Miller,2020-06-17,155.81,M,3631.45,884,3,San Diego
Margaret,Williams,2021-09-13,39.41,F,,467,6,Phoenix
Mary,Williams,2021-03-20,89.27,F,1197.22,350,3,San Jose
Christopher,Jones,2020-06-09,179.24,M,3709.41,958,8,San Diego
William,Jones,2020-02-24,87.61,M,5523.68,955,5,Dallas
William,Jones,2020-04-13,117.97,M,1505.58,785,2,Chicago
Karen,Davis,2020-12-05,122.78,F,5419.86,269,4,San Antonio
Richard,Williams,2020-07-29,51.27,M,,857,9,Chicago
Joseph,Johnson,2020-07-13,85.1,M,1948.54,189,4,Philadelphia
Linda,Williams,2021-02-23,80.97,F,7879.97,660,10,Philadelphia
Thomas,Miller,2021-12-14,13.55,M,4687.04,545,10,Los Angeles
Margaret,Jones,2021-07-21,9.35,F,6896.56,393,8,Phoenix
Lisa,Miller,2021-07-07,167.69,F,3342.13,249,5,Phoenix
Patricia,Jones,2020-09-28,68.65,F,,231,10,New York
Matthew,Davis,2021-11-07,112.81,M,2444.16,532,1,Los Angeles
John,Gonzalez,2020-10-15,67.23,M,1634.43,158,7,San Diego
Robert,Johnson,2020-10-31,198.73,M,2670.82,935,3,Dallas
Dorothy,Garcia,2020-08-31,66.83,F,6977.97,298,10,Chicago
Charles,Jones,2020-04-08,87.99,M,8935.22,314,8,Philadelphia
Maria,Brown,2020-02-20,183.61,F,,997,3,Philadelphia
Charles,Lopez,2021-02-06,167.24,M,7166.21,660,1,Chicago
Richard,Hernandez,2021-08-08,48.79,M,,571,5,Los Angeles
Christopher,Davis,2021-07-16,172.56,M,,843,2,Houston
Matthew,Martinez,2021-05-17,105.07,M,3788.26,346,4,Houston
Patricia,Martinez,2020-06-06,105.67,F,3249.61,481,1,Phoenix
Robert,Brown,2020-02-25,32.28,M,5635.05,338,9,Houston
Christopher,Davis,2021-01-04,23.03,M,5819.98,466,6,Los Angeles
Robert,Johnson,2020-01-04,150.48,M,4211.97,267,8,San Diego
David,Williams,2021-03-13,105.16,M,,659,4,San Antonio
Barbara,Jones,2020-03-30,91.5,F,,150,9,Houston
Michael,Smith,2020-10-28,157.08,M,,910,2,San Jose
Daniel,Miller,2021-11-08,155.63,M,3770.16,709,9,New York
Thomas,Garcia,2021-10-02,38.15,M,9224.1,827,5,Los Angeles
Anthony,Wilson,2021-09-06,130.41,M,9575.34,788,6,San Diego
Matthew,Martinez,2021-05-06,41.0,M,,479,3,Phoenix
Lisa,Miller,2020-07-23,160.19,F,4189.82,573,4,Philadelphia
Barbara,Gonzalez,2020-04-09,144.95,F,5550.71,179,6,San Antonio
David,Wilson,2020-01-27,192.71,M,9470.09,796,7,Chicago
Christopher,Garcia,2020-07-30,29.36,M,,466,1,Philadelphia
Anthony,Davis,2020-06-23,14.52,M,1923.11,560,7,Houston
Linda,Garcia,2021-10-15,64.2,F,,638,1,Chicago
Lisa,Miller,2020-10-25,67.23,F,,551,5,Phoenix
Anthony,Wilson,2020-03-24,50.82,M,5528.19,563,6,Phoenix
Dorothy,Wilson,2021-04-29,183.41,F,2744.77,577,2,Chicago
Donald,Wilson,2020-04-28,61.02,M,8729.35,519,10,Los Angeles
Lisa,Hernandez,2020-11-11,61.41,F,7092.47,806,9,Philadelphia
Dorothy,Martinez,2021-02-11,164.83,F,8541.18,313,10,New York
Daniel,Williams,2021-04-27,92.12,M,8728.88,468,6,Dallas
Joseph,Jones,2021-05-15,161.13,M,,953,7,Houston
Joseph,Garcia,2021-11-07,27.64,M,4952.9,213,10,San Antonio
Karen,Martinez,2020-09-28,102.67,F,6494.92,853,8,San Jose
John,Lopez,2020-04-03,19.23,M,,602,10,San Antonio
Robert,Brown,2021-10-19,23.3,M,,735,1,Houston
Joseph,Davis,2021-07-11,187.86,M,2613.28,916,8,New York
Richard,Garcia,2021-01-31,42.15,M,7245.55,687,4,Dallas
Patricia,Williams,2020-07-08,118.65,F,3066.38,410,10,Los Angeles
Betty,Miller,2021-01-14,94.7,F,2057.96,568,8,San Antonio
Christopher,Garcia,2021-01-25,77.27,M,2487.56,923,6,San Diego
Susan,Jones,2021-01-13,178.87,F,,807,9,Houston
Karen,Lopez,2020-07-10,7.75,F,7468.66,962,4,Phoenix
Mary,Lopez,2021-04-01,131.66,F,7591.61,143,2,Chicago
Anthony,Hernandez,2020-02-15,203.69,M,,514,2,Dallas
Barbara,Davis,2020-09-26,118.07,F,2452.27,797,5,New York
Joseph,Martinez,2021-03-26,191.1,M,1751.99,954,10,San Antonio
Mary,Gonzalez,2021-04-21,20.37,F,1172.16,345,9,San Jose
Anthony,Brown,2020-09-26,88.54,M,2491.73,183,3,Houston
Jennifer,Garcia,2020-08-19,64.78,F,9017.7,306,8,Dallas
Patricia,Miller,2020-10-02,150.05,F,3173.83,250,4,San Diego
Linda,Jones,2021-07-31,203.39,F,,767,6,San Jose
Matthew,Wilson,2020-03-04,54.15,M,1948.11,627,10,Houston
Joseph,Gonzalez,2020-06-03,130.5,M,3001.25,264,6,Chicago
Dorothy,Miller,2021-12-14,55.27,F,5673.02,244,3,Los Angeles
Richard,Garcia,2021-11-14,116.88,M,6469.77,136,5,Dallas
Maria,Johnson,2020-04-09,105.7,F,3208.17,432,3,Philadelphia
Richard,Anderson,2020-03-28,197.86,M,1519.59,502,1,Philadelphia
Mary,Martinez,2021-11-15,125.83,F,,513,7,New York
Lisa,Brown,2020-12-18,72.79,F,3107.83,144,4,San Diego
Richard,Martinez,2021-07-08,25.09,M,2975.99,501,7,Philadelphia
Daniel,Rodriguez,2021-02-27,38.99,M,9638.77,305,3,New York
David,Williams,2021-08-26,55.6,M,6546.7,161,5,Houston
Lisa,Hernandez,2020-08-20,62.53,F,6011.91,519,5,Phoenix
Dorothy,Gonzalez,2021-07-20,179.03,F,4741.98,967,2,Houston
Jennifer,Rodriguez,2020-03-03,117.41,F,4860.5,567,10,Philadelphia
Daniel,Smith,2021-01-31,106.39,M,5868.15,919,2,Philadelphia
Richard,Lopez,2021-06-19,38.27,M,7267.87,118,4,Los Angeles
Daniel,Davis,2021-03-04,172.86,M,7319.31,464,4,Los Angeles
Maria,Lopez,2021-07-02,145.15,F,2545.25,399,4,Dallas
Matthew,Brown,2021-12-04,19.29,M,5501.01,106,6,New York
Elizabeth,Davis,2021-05-01,140.7,F,4707.62,860,2,Dallas
Lisa,Gonzalez,2021-08-09,118.81,F,8834.74,527,6,San Antonio
Betty,Jones,2020-08-29,25.8,F,6682.77,216,7,Dallas
Matthew,Wilson,2021-05-02,104.02,M,5792.54,679,10,Houston
Nancy,Lopez,2020-11-02,102.62,F,2038.55,606,3,Philadelphia
Helen,Johnson,2020-03-21,40.94,F,6450.74,645,8,Chicago
Lisa,Wilson,2021-02-08,195.49,F,2054.84,805,2,Phoenix
Margaret,Wilson,2020-02-05,169.29,F,4034.86,424,8,New York
Richard,Gonzalez,2021-05-29,145.84,M,,154,5,Houston
William,Gonzalez,2021-08-07,106.2,M,7228.66,877,2,Dallas
Anthony,Miller,2021-06-13,84.92,M,,141,7,New York
William,Hernandez,2021-08-08,140.91,M,4526.73,396,2,San Diego
Linda,Davis,2021-11-24,115.91,F,9061.07,330,6,Los Angeles
Mark,Williams,2021-09-27,24.62,M,2838.85,552,10,Houston
Margaret,Hernandez,2020-05-30,116.27,F,5570.25,989,3,Dallas
Betty,Jones,2020-05-03,167.51,F,4773.44,493,9,Phoenix
Margaret,Brown,2021-04-04,101.99,F,,621,3,San Jose
Richard,Jones,2020-06-26,18.0,M,8134.82,457,3,San Diego
Dorothy,Hernandez,2020-06-20,157.61,F,1621.41,543,5,San Diego
Charles,Williams,2020-08-04,48.69,M,,227,7,Houston
Michael,Lopez,2020-07-16,65.98,M,6046.1,790,8,San Diego
Karen,Miller,2020-05-09,45.63,F,6655.84,504,7,Houston
Helen,Gonzalez,2020-02-13,72.46,F,7197.68,491,9,Chicago
Joseph,Miller,2021-03-09,150.06,M,3279.45,292,5,San Antonio
Richard,Johnson,2020-03-21,112.39,M,1089.81,703,10,San Jose
Barbara,Davis,2021-11-30,54.69,F,7510.99,980,3,Dallas
Dorothy,Martinez,2021-03-21,177.46,F,5820.91,842,6,Los Angeles
Matthew,Davis,2020-07-25,174.53,M,8525.06,177,5,Phoenix
Barbara,Martinez,2021-10-04,180.81,F,8392.5,184,4,Phoenix
Elizabeth,Miller,2020-05-31,50.7,F,8589.94,129,2,Philadelphia
Karen,Rodriguez,2021-09-01,104.88,F,5365.85,824,7,Phoenix
Mark,Rodriguez,2020-09-21,208.54,M,4002.66,148,5,Philadelphia
Daniel,Anderson,2020-11-23,159.09,M,8124.02,876,4,San Diego
Susan,Anderson,2020-03-09,14.64,F,5061.65,244,8,San Diego
David,Wilson,2020-03-30,29.68,M,2650.98,168,9,Phoenix
Margaret,Lopez,2021-02-01,106.39,F,8694.77,157,9,San Diego
Linda,Miller,2021-07-23,187.69,F,8943.04,796,3,New York
Karen,Rodriguez,2021-02-10,108.55,F,5196.79,673,3,Chicago
Betty,Smith,2021-07-19,101.59,F,1681.3,578,5,Phoenix
Daniel,Gonzalez,2020-11-29,31.52,M,,919,5,New York
Richard,Garcia,2020-10-09,132.86,M,8231.84,544,10,San Diego
Patricia,Lopez,2021-06-16,167.76,F,9115.97,395,2,Los Angeles
Margaret,Anderson,2021-04-14,77.99,F,2831.25,777,1,San Antonio
Elizabeth,Gonzalez,2020-01-13,159.07,F,1602.76,270,8,New York
Michael,Rodriguez,2021-12-18,202.12,M,8896.15,674,3,Phoenix
Donald,Martinez,2021-09-30,42.7,M,4504.64,246,1,San Jose
Betty,Hernandez,2021-08-24,107.99,F,5875.85,583,1,Chicago
Donald,Anderson,2021-06-19,72.17,M,9712.59,405,2,San Antonio
Joseph,Johnson,2021-03-05,171.05,M,1599.08,772,6,Dallas
Helen,Johnson,2020-04-25,123.23,F,6834.86,752,6,San Jose
John,Gonzalez,2021-02-28,132.75,M,,945,3,San Antonio
Richard,Brown,2020-06-02,166.21,M,4379.22,708,4,Philadelphia
Robert,Hernandez,2020-05-31,91.07,M,8234.33,545,2,Dallas
John,Hernandez,2021-08-03,185.39,M,4901.25,320,2,San Diego
Robert,Garcia,2021-08-25,118.84,M,9974.64,654,7,San Jose
Lisa,Williams,2021-08-19,47.54,F,6031.53,903,1,New York
Michael,Hernandez,2020-04-12,143.98,M,,477,7,Dallas
David,Martinez,2020-04-18,164.05,M,2981.0,719,1,Chicago
Susan,Smith,2021-07-30,71.01,F,4154.68,365,6,San Diego
Linda,Martinez,2020-04-13,172.53,F,4352.8,194,3,Philadelphia
Susan,Hernandez,2020-10-19,187.91,F,,361,8,Dallas
John,Hernandez,2021-07-02,69.07,M,4326.17,924,6,New York
Mary,Hernandez,2020-12-18,198.04,F,5178.15,996,2,San Diego
Mark,Miller,2021-02-24,42.0,M,7504.64,170,8,San Jose
Matthew,Gonzalez,2020-09-27,43.84,M,6910.57,318,5,San Jose
Maria,Garcia,2021-01-27,38.84,F,,632,8,San Diego
David,Gonzalez,2021-11-01,182.83,M,1075.27,191,8,Los Angeles
Robert,Miller,2021-05-12,140.29,M,2959.01,226,6,San Diego
Charles,Johnson,2021-08-08,41.3,M,6955.16,179,2,Los Angeles
Dorothy,Smith,2021-09-15,89.68,F,5355.9,923,8,Houston
Robert,Johnson,2021-04-29,128.14,M,1047.82,337,6,Philadelphia
Susan,Jones,2020-02-08,19.85,F,8240.45,471,6,Los Angeles
Mary,Brown,2020-06-25,186.73,F,,585,8,Dallas
Dorothy,Rodriguez,2020-10-09,160.26,F,5935.77,793,1,San Antonio
Michael,Lopez,2021-02-16,112.9,M,1598.17,124,2,Phoenix
John,Rodriguez,2020-05-27,200.54,M,7898.64,255,9,San Antonio
Barbara,Rodriguez,2021-09-25,86.13,F,6253.42,616,8,Houston
Linda,Martinez,2021-09-15,195.82,F,8037.64,731,7,San Jose
Patricia,Lopez,2021-11-28,137.54,F,7765.72,888,7,San Antonio
Jennifer,Martinez,2021-12-11,126.5,F,8227.02,629,5,Dallas
Thomas,Brown,2021-02-15,45.77,M,5662.07,809,2,San Jose
Karen,Davis,2020-02-09,177.06,F,2262.92,156,6,San Diego
Margaret,Garcia,2021-02-09,86.37,F,7040.42,704,10,San Jose
Mark,Miller,2020-12-05,46.98,M,6584.26,118,3,Phoenix
Daniel,Davis,2021-12-08,11.51,M,7680.28,483,4,Phoenix
Richard,Gonzalez,2020-08-31,118.96,M,2528.93,964,10,San Diego
John,Hernandez,2020-02-20,114.43,M,2754.78,292,2,Chicago
Robert,Martinez,2021-05-01,149.39,M,9013.69,336,2,San Diego
Matthew,Lopez,2020-10-02,178.5,M,7749.8,486,8,Houston
Patricia,Rodriguez,2021-01-16,32.19,F,9174.06,525,8,San Jose
Nancy,Williams,2020-01-21,159.06,F,7828.44,376,10,San Diego
Linda,Garcia,2020-12-11,43.57,F,,326,6,Philadelphia
Thomas,Smith,2020-11-06,178.31,M,,844,5,Phoenix
Daniel,Davis,2020-11-14,170.9,M,9002.15,651,8,Philadelphia
Anthony,Johnson,2020-10-14,118.25,M,6209.26,422,4,Philadelphia
Nancy,Jones,2021-05-18,148.4,F,6691.52,252,4,San Diego
Michael,Miller,2021-12-13,63.7,M,2408.29,738,5,San Antonio
Patricia,Anderson,2021-12-02,108.69,F,5265.29,336,1,San Jose
Susan,Johnson,2020-04-10,167.97,F,7447.57,154,1,Houston
William,Johnson,2020-08-21,102.37,M,,535,2,Philadelphia
William,Wilson,2020-05-17,85.74,M,2820.29,783,8,New York
Jennifer,Lopez,2020-11-03,101.52,F,3824.44,208,7,Chicago
Margaret,Williams,2021-03-29,165.84,F,3173.51,965,10,Chicago
Mark,Garcia,2020-11-24,71.21,M,2934.21,283,9,Philadelphia
Elizabeth,Jones,2020-10-02,50.47,F,,467,5,Los Angeles
Daniel,Garcia,2021-03-02,146.31,M,9170.55,297,2,Chicago
Richard,Davis,2021-09-11,169.16,M,5563.54,470,7,Los Angeles
Mary,Gonzalez,2021-10-23,29.55,F,2691.28,472,8,Chicago
Jennifer,Brown,2020-04-01,51.43,F,1692.75,596,7,New York
Anthony,Rodriguez,2020-07-11,43.65,M,7265.41,698,7,Philadelphia
Donald,Davis,2021-03-28,82.68,M,4445.19,300,5,San Jose
Joseph,Garcia,2020-08-04,101.15,M,8396.48,948,2,Philadelphia
Maria,Davis,2021-02-20,152.2,F,6935.6,608,6,New York
Michael,Johnson,2021-05-11,129.12,M,8166.17,421,4,Houston
Joseph,Davis,2021-06-12,125.47,M,3447.51,374,10,New York
Anthony,Lopez,2021-01-17,80.66,M,7231.23,310,2,Phoenix
Karen,Lopez,2020-02-27,175.67,F,,603,9,Chicago
Charles,Davis,2021-06-11,98.05,M,9451.62,217,7,Dallas
Christopher,Garcia,2020-06-11,198.01,M,6727.37,802,6,Philadelphia
Linda,Johnson,2020-03-08,134.46,F,3920.61,653,5,Dallas
Jennifer,Jones,2020-11-14,36.65,F,3425.61,141,3,Los Angeles
Richard,Smith,2021-12-27,142.05,M,,414,10,New York
Elizabeth,Gonzalez,2021-06-02,79.99,F,7251.77,887,10,San Antonio
Matthew,Lopez,2021-02-17,146.28,M,2968.44,428,4,San Jose
Matthew,Johnson,2020-05-18,16.18,M,6357.73,116,3,Phoenix
Joseph,Smith,2021-06-20,39.2,M,3381.72,382,8,Dallas
Mark,Wilson,2021-08-05,175.49,M,6957.72,357,3,Phoenix
Dorothy,Garcia,2020-01-30,61.26,F,8334.46,674,7,Philadelphia
Elizabeth,Hernandez,2020-06-26,174.51,F,8002.23,673,7,San Antonio
Karen,Johnson,2020-07-16,62.18,F,7847.66,711,7,Houston
Patricia,Hernandez,2020-07-24,139.78,F,2689.5,118,7,Houston
Maria,Gonzalez,2020-02-29,141.43,F,1795.46,628,2,San Jose
Anthony,Williams,2020-09-12,111.51,M,7290.54,936,10,Los Angeles
Linda,Anderson,2020-02-03,62.92,F,4315.12,522,3,Houston
Linda,Lopez,2021-04-12,54.09,F,4891.12,565,10,San Diego
Lisa,Brown,2020-02-21,16.18,F,1280.34,472,9,San Diego
Mary,Rodriguez,2021-01-04,62.21,F,3336.19,857,3,Houston
William,Williams,2021-12-22,140.34,M,1303.09,862,2,Dallas
Jennifer,Rodriguez,2020-07-22,192.71,F,8912.67,180,9,San Antonio
Christopher,Williams,2020-10-07,185.28,M,3190.57,650,10,Chicago
Michael,Garcia,2021-01-12,153.56,M,,647,9,Phoenix
Jennifer,Rodriguez,2021-04-20,167.25,F,1350.81,523,4,Houston
Anthony,Miller,2021-06-01,134.79,M,7001.63,528,9,New York
Michael,Davis,2021-02-10,59.97,M,3907.25,487,3,Dallas
Maria,Brown,2021-10-12,182.28,F,9081.27,808,7,Dallas
David,Gonzalez,2020-05-06,145.5,M,8993.06,769,7,New York
Robert,Miller,2021-11-28,118.18,M,3927.62,303,8,Dallas
Michael,Hernandez,2020-02-01,31.02,M,9108.65,295,10,Los Angeles
Charles,Williams,2020-09-04,102.91,M,9965.42,827,4,San Diego
Patricia,Williams,2021-01-16,95.54,F,8428.74,384,3,Houston
David,Hernandez,2021-05-15,175.57,M,8603.84,295,3,Houston
Barbara,Hernandez,2021-08-31,110.8,F,3241.08,406,5,New York
Elizabeth,Miller,2021-04-01,78.82,F,6190.32,763,1,Houston
Susan,Miller,2020-06-30,193.13,F,1605.3,113,10,Chicago
Michael,Smith,2021-04-30,30.58,M,1854.26,936,3,San Antonio
Susan,Lopez,2021-08-23,86.9,F,9990.03,245,6,Chicago
Matthew,Martinez,2021-07-18,20.85,M,3939.75,156,3,Dallas
Robert,Anderson,2020-12-24,150.62,M,7733.66,822,5,Dallas
Betty,Brown,2020-12-18,192.21,F,8259.99,879,9,Chicago
Lisa,Davis,2020-06-16,61.33,F,8722.21,309,2,Los Angeles
Robert,Martinez,2020-09-21,170.69,M,9978.65,628,2,San Diego
Elizabeth,Miller,2021-12-06,66.83,F,3173.47,897,6,San Jose
Betty,Miller,2020-04-02,184.71,F,1363.16,443,6,Los Angeles
Matthew,Smith,2020-10-18,155.79,M,4700.72,814,8,San Jose
Lisa,Lopez,2020-01-29,159.59,F,,710,2,Dallas
Richard,Brown,2021-01-30,10.7,M,1201.83,378,9,Phoenix
Patricia,Brown,2020-02-20,196.7,F,,308,2,Dallas
Karen,Jones,2020-06-15,147.56,F,8053.64,740,1,San Jose
Anthony,Gonzalez,2021-08-08,71.24,M,6095.63,434,10,Houston
Richard,Lopez,2020-08-07,169.15,M,3815.0,387,2,San Diego
Jennifer,Gonzalez,2020-08-14,69.74,F,6889.08,351,7,New York
Thomas,Gonzalez,2021-10-24,173.51,M,3088.16,364,8,San Diego
Donald,Johnson,2020-08-18,33.49,M,1129.43,370,5,Chicago
David,Martinez,2021-11-24,148.37,M,7879.18,799,6,Los Angeles
Matthew,Johnson,2020-07-30,110.31,M,6613.69,518,1,San Antonio
Margaret,Gonzalez,2020-10-02,22.22,F,,825,6,Phoenix
Charles,Wilson,2021-10-29,59.42,M,1350.44,894,8,Houston
Patricia,Rodriguez,2021-02-23,8.6,F,8534.08,310,3,New York
Richard,Williams,2021-06-09,99.52,M,6575.74,464,1,Philadelphia
Susan,Garcia,2020-01-21,69.92,F,6070.56,175,4,Dallas
Thomas,Garcia,2021-11-29,120.55,M,6621.53,759,1,Los Angeles
Donald,Brown,2020-01-10,63.11,M,8779.9,420,8,San Diego
Margaret,Davis,2021-04-30,62.38,F,6282.43,824,5,New York
Linda,Johnson,2020-05-15,152.54,F,,532,1,San Diego
Linda,Jones,2021-10-24,17.26,F,9916.11,208,8,San Jose
Donald,Hernandez,2020-06-26,190.7,M,7810.57,740,9,Los Angeles
Betty,Wilson,2021-09-07,179.47,F,4980.64,621,10,New York
Michael,Davis,2020-01-09,139.96,M,,146,2,San Diego
Michael,Rodriguez,2020-08-17,128.28,M,4503.07,478,9,Phoenix
Matthew,Hernandez,2020-09-15,184.51,M,3059.88,926,8,San Antonio
Thomas,Garcia,2021-09-14,47.93,M,6371.67,195,7,Houston
Betty,Martinez,2020-11-08,23.02,F,9353.64,202,3,San Diego
William,Miller,2021-12-30,49.32,M,9362.26,991,2,San Diego
Margaret,Martinez,2021-12-27,157.14,F,4077.15,953,7,Philadelphia
Daniel,Miller,2021-10-20,13.24,M,5749.1,245,5,Phoenix
Thomas,Martinez,2020-10-08,120.29,M,2904.72,979,6,Philadelphia
Daniel,Johnson,2021-03-09,201.85,M,,126,4,Dallas
Christopher,Garcia,2021-01-20,181.7,M,9830.06,831,2,Phoenix
Daniel,Garcia,2020-12-23,114.19,M,6845.58,629,9,Los Angeles
Helen,Wilson,2021-04-15,27.9,F,8239.73,778,3,San Jose
Betty,Davis,2020-09-15,169.35,F,7435.9,181,7,Houston
Mary,Martinez,2020-08-11,127.46,F,6338.42,527,8,New York
Mary,Williams,2021-04-22,34.17,F,1480.13,683,2,Philadelphia
Daniel,Wilson,2020-11-05,27.9,M,,921,6,Houston
Elizabeth,Hernandez,2021-11-24,190.95,F,7073.08,578,8,San Antonio
Karen,Lopez,2021-06-17,133.99,F,7097.78,865,7,Chicago
Dorothy,Gonzalez,2021-09-30,166.16,F,4358.1,261,3,Houston
Susan,Jones,2021-02-10,184.18,F,9475.23,938,1,Dallas
Margaret,Anderson,2021-08-21,116.72,F,2506.21,501,6,San Jose
David,Martinez,2020-04-14,108.79,M,5503.24,607,8,Houston
Anthony,Martinez,2020-01-08,87.78,M,7217.96,137,6,Philadelphia
Maria,Johnson,2021-06-07,78.36,F,7274.22,610,5,Dallas
Robert,Hernandez,2021-11-09,98.45,M,6837.75,492,8,San Diego
Linda,Williams,2021-01-18,161.81,F,3477.59,812,2,Los Angeles
Joseph,Garcia,2021-07-28,120.13,M,2405.86,593,1,Los Angeles
Richard,Johnson,2021-10-24,187.5,M,6723.46,299,1,New York
Jennifer,Brown,2021-08-31,90.8,F,6393.72,354,4,Phoenix
Jennifer,Jones,2021-09-15,129.17,F,2614.2,278,6,Philadelphia
Betty,Johnson,2020-10-16,134.44,F,7346.25,646,9,Houston
Charles,Williams,2020-11-01,121.46,M,,693,1,San Diego
Richard,Garcia,2021-12-01,147.53,M,7009.85,488,1,Houston
Patricia,Lopez,2020-04-20,61.22,F,8536.3,497,5,San Diego
Joseph,Williams,2021-05-08,102.0,M,2527.56,831,10,Chicago
Joseph,Rodriguez,2020-03-06,22.48,M,1172.3,257,5,San Jose
Robert,Miller,2020-12-10,77.15,M,8011.92,103,5,Philadelphia
Charles,Miller,2020-10-10,107.42,M,6487.28,266,10,Phoenix
Maria,Martinez,2021-10-17,131.45,F,,567,6,Phoenix
Mark,Williams,2020-11-28,190.5,M,8543.39,508,8,Dallas
Betty,Martinez,2020-10-10,134.05,F,8225.3,511,3,Philadelphia
Christopher,Miller,2020-09-24,161.6,M,,303,9,San Diego
Barbara,Miller,2021-11-02,105.63,F,5823.42,293,1,San Antonio
Susan,Williams,2021-12-29,132.64,F,5396.46,334,4,Philadelphia
Susan,Davis,2021-10-29,23.11,F,4616.98,817,9,Houston
David,Hernandez,2020-11-01,64.85,M,2383.22,249,8,San Diego
Robert,Rodriguez,2020-07-11,86.59,M,6153.47,258,10,New York
Margaret,Lopez,2020-06-02,99.37,F,3493.11,378,9,Philadelphia
William,Anderson,2021-06-13,14.95,M,9291.77,915,1,Philadelphia
Richard,Hernandez,2020-09-03,33.93,M,6248.72,503,9,Houston
David,Anderson,2020-02-28,63.89,M,6335.56,992,3,New York
Donald,Williams,2021-09-06,203.2,M,,777,10,Phoenix
Lisa,Rodriguez,2021-02-17,73.93,F,,410,9,San Diego
Thomas,Williams,2021-11-07,105.18,M,1285.69,167,1,San Antonio
Robert,Davis,2020-11-23,43.29,M,4810.02,562,1,Phoenix
Donald,Jones,2021-11-28,128.05,M,1761.09,187,9,Chicago
Richard,Williams,2020-05-23,68.38,M,6461.62,316,6,San Diego
Jennifer,Williams,2020-01-27,42.68,F,8928.76,100,4,San Jose
John,Garcia,2021-11-02,116.89,M,8946.23,234,7,Los Angeles
Barbara,Wilson,2021-05-24,15.14,F,6931.41,796,5,San Antonio
David,Davis,2020-10-29,12.39,M,2901.09,450,10,Los Angeles
Thomas,Martinez,2020-09-22,55.64,M,8766.97,239,7,San Antonio
Thomas,Smith,2021-03-04,20.68,M,8974.84,717,8,Los Angeles
Christopher,Wilson,2021-02-18,28.76,M,,232,8,Houston
Patricia,Garcia,2021-02-01,68.53,F,7636.83,719,1,New York
Robert,Smith,2020-02-06,165.22,M,3578.68,277,8,New York
Anthony,Davis,2021-08-20,116.58,M,,909,6,Phoenix
Margaret,Williams,2021-12-26,104.16,F,9975.14,457,4,New York
Karen,Brown,2021-08-08,67.72,F,1270.23,479,8,San Antonio
Christopher,Wilson,2020-07-13,190.95,M,9076.29,970,3,San Diego
Margaret,Miller,2020-12-17,92.2,F,6603.67,757,4,Philadelphia
John,Rodriguez,2021-12-31,29.6,M,9760.44,549,6,Phoenix
Richard,Rodriguez,2020-08-15,134.92,M,5185.09,685,7,Phoenix
Margaret,Hernandez,2021-12-03,28.41,F,8626.49,562,4,San Antonio
Christopher,Davis,2021-07-01,83.65,M,1561.55,207,4,Los Angeles
Linda,Miller,2021-10-15,100.96,F,4017.51,221,7,Dallas
Christopher,Hernandez,2021-05-02,177.74,M,1603.15,116,6,Dallas
Charles,Davis,2021-11-18,104.29,M,9778.09,295,8,Phoenix
Nancy,Miller,2021-01-02,140.59,F,8352.77,426,1,San Diego
Dorothy,Lopez,2021-06-03,207.91,F,8672.93,417,10,Dallas
Mark,Wilson,2020-11-03,29.52,M,9441.69,908,7,Chicago
Susan,Davis,2020-06-23,57.37,F,1765.93,578,7,San Jose
Elizabeth,Davis,2021-11-04,83.48,F,4470.38,351,7,Chicago
John,Williams,2021-07-25,91.94,M,1639.31,602,7,Houston
Daniel,Johnson,2020-07-04,91.69,M,2897.14,218,10,Phoenix
Charles,Martinez,2020-10-27,180.23,M,3064.29,773,10,San Jose
Karen,Smith,2020-04-09,151.22,F,,809,8,Phoenix
Betty,Gonzalez,2021-04-27,129.42,F,3417.06,597,9,Phoenix
Mary,Gonzalez,2020-05-11,65.66,F,1908.8,585,9,Houston
Elizabeth,Brown,2020-09-21,165.93,F,2507.42,144,2,San Jose
Karen,Jones,2021-07-26,188.39,F,,413,7,Los Angeles
Dorothy,Smith,2020-07-06,166.07,F,9757.69,278,7,San Jose
Nancy,Jones,2021-11-27,2.58,F,7833.63,993,4,Phoenix
Joseph,Brown,2020-12-09,135.32,M,9709.85,517,9,Dallas
Daniel,Rodriguez,2021-11-01,20.72,M,4957.66,655,8,Houston
Karen,Jones,2020-04-01,61.15,F,,882,1,San Jose
Linda,Williams,2020-08-15,17.24,F,,177,2,Chicago
Barbara,Gonzalez,2020-12-29,129.2,F,3936.29,425,2,Phoenix
Matthew,Davis,2020-08-16,147.5,M,3694.45,789,8,Phoenix
John,Martinez,2020-11-10,28.34,M,3092.55,456,1,Los Angeles
Charles,Lopez,2021-03-06,78.0,M,,515,4,Los Angeles
Matthew,Gonzalez,2020-12-05,96.04,M,3308.17,614,10,San Antonio
Thomas,Gonzalez,2021-01-15,81.02,M,4197.88,313,5,New York
Helen,Davis,2020-09-23,28.78,F,7065.95,953,9,San Antonio
Mark,Rodriguez,2021-08-22,96.11,M,1563.08,173,7,San Diego
Mary,Rodriguez,2020-10-28,149.89,F,2894.56,662,8,Houston
Margaret,Johnson,2021-04-19,25.09,F,,678,9,San Jose
Zohran,Mamdani,2020-04-30,27.08,M,,608,7,New York
Susan,Johnson,2021-04-26,72.88,F,4083.81,431,5,San Diego
Jennifer,Jones,2020-02-24,191.82,F,8781.93,192,5,New York
Susan,Gonzalez,2021-10-11,143.1,F,,787,10,Houston
Jennifer,Rodriguez,2021-08-20,138.16,F,1744.63,756,6,San Jose
Lisa,Wilson,2021-08-17,74.97,F,,618,5,San Antonio
Nancy,Garcia,2021-09-27,125.72,F,3721.78,368,9,Chicago
Karen,Rodriguez,2020-03-13,10.99,F,6070.68,475,3,San Jose
Dorothy,Wilson,2021-04-28,139.02,F,8234.24,933,3,New York
William,Gonzalez,2020-07-18,183.84,M,2234.34,103,7,San Antonio
David,Smith,2021-05-27,125.65,M,6226.29,237,7,Los Angeles
David,Gonzalez,2020-05-02,183.19,M,5549.58,330,6,Houston
Nancy,Lopez,2021-11-28,144.22,F,2296.71,699,3,Phoenix
Matthew,Davis,2021-01-25,31.29,M,6615.99,628,7,Philadelphia
Joseph,Rodriguez,2021-06-26,182.02,M,,151,5,New York
Donald,Brown,2020-11-01,22.44,M,5390.51,745,7,San Jose
Nancy,Miller,2021-02-27,115.87,F,1740.45,822,2,Chicago
Robert,Johnson,2020-02-25,35.85,M,5136.26,424,6,Dallas
Margaret,Lopez,2020-06-03,12.34,F,3758.17,830,8,San Antonio
Charles,Wilson,2020-05-20,88.19,M,8401.43,816,1,Dallas
Karen,Hernandez,2020-07-24,72.52,F,1512.81,822,4,San Diego
Elizabeth,Gonzalez,2020-12-16,108.3,F,4767.47,376,1,Houston
Matthew,Brown,2021-02-23,115.65,M,5125.88,635,1,San Jose
Donald,Jones,2021-08-06,12.27,M,7525.05,585,10,Houston
David,Wilson,2021-04-13,26.84,M,6168.59,615,8,New York
Barbara,Smith,2020-05-26,123.07,F,,251,7,Los Angeles
Thomas,Davis,2020-11-19,71.25,M,7993.44,582,10,Chicago
Thomas,Jones,2020-07-03,145.9,M,8759.83,358,1,Phoenix
Linda,Garcia,2020-03-23,130.7,F,,423,2,San Antonio
Matthew,Wilson,2021-05-14,175.15,M,5842.2,968,4,San Antonio
Barbara,Wilson,2020-12-06,142.02,F,8560.97,267,1,Los Angeles
Donald,Johnson,2021-10-08,93.24,M,9905.06,787,3,Houston
Lisa,Davis,2020-06-30,135.38,F,9005.67,409,8,San Jose
Robert,Wilson,2020-11-16,64.34,M,4343.21,902,8,Chicago
Matthew,Johnson,2021-10-11,68.61,M,,578,8,San Diego
Daniel,Gonzalez,2020-02-29,165.59,M,5404.53,155,6,Houston
Mary,Gonzalez,2020-01-05,97.38,F,7674.77,719,6,Los Angeles
Helen,Brown,2021-04-07,158.45,F,5433.12,572,5,Los Angeles
Daniel,Brown,2020-10-07,167.81,M,,395,9,San Jose
Helen,Gonzalez,2020-08-02,176.0,F,8544.07,560,4,Los Angeles
Daniel,Lopez,2020-06-21,184.0,M,4252.63,423,10,Phoenix
David,Martinez,2021-08-13,90.5,M,8738.15,913,7,San Antonio
Daniel,Lopez,2020-06-11,65.34,M,4661.24,945,1,Houston
Anthony,Garcia,2021-05-16,122.2,M,3954.1,240,9,San Antonio
Christopher,Wilson,2020-03-31,85.97,M,5085.91,766,7,Chicago
Matthew,Lopez,2020-05-12,127.51,M,7862.02,361,10,Dallas
Helen,Martinez,2021-09-21,153.06,F,2134.02,884,9,Dallas
Donald,Hernandez,2021-03-20,140.95,M,2767.77,519,7,Chicago
Donald,Miller,2021-10-10,79.33,M,,843,2,San Jose
Helen,Williams,2021-03-15,44.05,F,2579.42,340,6,Los Angeles
Betty,Martinez,2021-02-17,86.73,F,,454,10,Phoenix
Joseph,Williams,2021-03-15,42.41,M,6213.83,948,4,Los Angeles
Matthew,Gonzalez,2021-05-03,181.22,M,5406.62,869,3,Phoenix
Helen,Brown,2021-01-27,78.47,F,6802.71,860,2,Houston
John,Wilson,2020-01-05,33.51,M,3068.44,688,6,New York
Christopher,Brown,2020-02-08,9.42,M,5973.96,279,8,Houston
Helen,Gonzalez,2021-06-30,136.45,F,,165,6,Philadelphia
Elizabeth,Smith,2020-07-23,132.68,F,6955.01,919,9,San Jose
