client_id,full_name,birth_date,gender,region,registration_date
1,Mary Davis,1975-03-24,F,San Diego,2006-01-16
2,Barbara Hernandez,1988-08-06,F,San Antonio,2021-06-09
3,Matthew Rodriguez,1982-01-10,M,San Jose,2019-03-06
4,Matthew Rodriguez,1996-07-17,M,New York,2014-11-13
5,Patricia Davis,1986-03-09,F,Dallas,2025-09-23
6,Mary Anderson,1982-10-03,F,Chicago,2001-02-20
7,William Williams,1977-01-02,M,Los Angeles,2010-08-30
8,Christopher Wilson,1967-01-05,M,San Antonio,2012-03-13
9,William Rodriguez,1996-12-17,M,San Jose,2019-03-31
10,Nancy Davis,1993-01-24,F,Phoenix,2013-08-10
11,Barbara Jones,1976-10-29,F,Philadelphia,2004-05-30
12,David Brown,1967-05-04,M,Dallas,2025-09-25
13,Mary Gonzalez,1952-07-14,F,Philadelphia,2014-03-12
14,Linda Johnson,1973-05-14,F,Houston,2023-02-23
15,Jennifer Garcia,1991-05-30,F,San Jose,2024-02-14
16,William Williams,1956-06-03,M,San Antonio,2022-12-23
17,Jennifer Lopez,1973-12-24,F,Chicago,1993-11-12
18,Charles Davis,1990-07-05,M,Dallas,2011-02-12
19,Mark Hernandez,1975-05-03,M,Philadelphia,2012-08-27
20,David Jones,1981-08-07,M,Chicago,2019-07-06
21,Nancy Lopez,1986-01-02,F,San Diego,2019-02-23
22,Robert Williams,2002-07-30,M,Los Angeles,2025-05-08
23,Maria Smith,1974-08-15,F,Dallas,2005-02-09
24,David Lopez,1975-06-07,M,Los Angeles,2017-11-10
25,Dorothy Garcia,1972-07-07,F,San Diego,2000-01-28
26,Jennifer Gonzalez,1994-09-11,F,San Antonio,2015-06-27
27,Nancy Jones,1962-10-09,F,Los Angeles,2014-09-29
28,Daniel Martinez,1985-06-13,M,Dallas,2025-05-20
29,David Hernandez,1968-11-26,M,San Jose,2008-10-07
30,Betty Gonzalez,1978-03-08,F,San Antonio,2007-12-06
31,Robert Brown,1967-12-09,M,Los Angeles,2021-10-18
32,Joseph Williams,1975-10-10,M,Chicago,1994-11-25
33,Jennifer Martinez,1989-10-16,F,Los Angeles,2014-04-26
34,Richard Wilson,1983-12-21,M,Dallas,2017-12-20
35,David Hernandez,1973-02-17,M,Chicago,1995-10-20
36,Lisa Anderson,1981-05-25,F,Dallas,2007-07-03
37,Dorothy Miller,1969-05-07,F,Los Angeles,2015-12-13
38,Margaret Wilson,1977-10-14,F,Houston,2020-08-21
39,Linda Miller,1989-04-11,F,Dallas,2010-10-22
40,David Rodriguez,1980-07-16,M,San Jose,2014-09-02
41,Lisa Garcia,1984-06-16,F,Dallas,2011-09-07
42,Barbara Johnson,1976-06-25,F,Houston,2011-05-05
43,Betty Miller,1963-11-30,F,New York,2001-08-08
44,Mary Hernandez,1984-10-26,F,Phoenix,2025-07-09
45,John Johnson,1967-05-04,M,Phoenix,1990-04-03
46,Maria Williams,1955-06-11,F,Dallas,2014-06-05
47,William Williams,1993-05-24,M,Dallas,2016-12-30
48,Dorothy Davis,1995-09-01,F,San Antonio,2017-02-08
49,Jennifer Garcia,1977-11-07,F,Dallas,1997-03-24
50,Joseph Anderson,1969-11-18,M,Dallas,2001-12-10
51,Donald Brown,1969-05-20,M,San Diego,1987-09-18
52,Linda Smith,1989-09-28,F,Chicago,2011-01-08
53,William Jones,1990-02-05,M,San Antonio,2026-07-02
54,Margaret Miller,1990-08-13,F,New York,2009-03-28
55,Christopher Brown,1962-02-11,M,Dallas,1982-07-22
56,Christopher Davis,1975-12-14,M,Chicago,2020-05-04
57,William Gonzalez,1988-11-09,M,New York,2015-11-11
58,Linda Jones,1990-04-10,F,San Antonio,2024-07-08
59,Patricia Garcia,1981-11-29,F,Philadelphia,2001-04-27
60,Betty Jones,1983-05-13,F,New York,2021-10-30
61,Daniel Martinez,1987-03-18,M,San Jose,2019-05-02
62,Daniel Lopez,1993-05-28,M,San Antonio,2023-09-29
63,Robert Martinez,1968-06-11,M,San Jose,1989-07-18
64,Christopher Smith,1986-07-20,M,New York,2009-10-08
65,Margaret Jones,1978-12-03,F,San Antonio,2023-02-19
66,Thomas Hernandez,1975-02-21,M,Chicago,2007-05-26
67,Mary Garcia,1962-08-11,F,Chicago,2003-10-21
68,Patricia Lopez,1975-06-29,F,Houston,1993-09-12
69,Margaret Brown,2001-03-12,F,Houston,2022-08-28
70,Karen Smith,1992-12-16,F,San Antonio,2011-02-10
71,Patricia Hernandez,1979-04-17,F,San Diego,2018-02-05
72,Michael Johnson,1976-03-21,M,San Antonio,1995-06-21
73,Matthew Davis,1983-03-27,M,San Jose,2017-03-05
74,Elizabeth Jones,1973-06-23,F,San Diego,2023-06-06
75,Karen Williams,1967-06-14,F,San Antonio,2008-02-06
76,Donald Miller,1967-08-27,M,San Diego,2004-11-01
77,Daniel Hernandez,1975-06-28,M,New York,2016-09-06
78,Daniel Rodriguez,1964-04-24,M,San Antonio,2008-01-03
79,Barbara Anderson,1985-07-18,F,New York,2015-12-18
80,Anthony Anderson,1981-01-06,M,San Jose,2020-09-03
81,Anthony Anderson,1948-10-14,M,San Antonio,2000-05-22
82,Helen Lopez,1970-09-18,F,San Antonio,2000-07-03
83,Richard Gonzalez,1983-11-07,M,San Jose,2024-02-08
84,Robert Jones,1979-12-21,M,Chicago,2006-05-15
85,Helen Lopez,1983-11-20,F,Dallas,2008-01-02
86,Karen Johnson,2001-11-30,F,San Jose,2022-08-24
87,John Hernandez,1974-06-30,M,Chicago,2003-06-08
88,Christopher Anderson,1976-01-12,M,New York,1999-11-24
89,Patricia Jones,1988-10-06,F,Dallas,2017-01-28
90,Betty Garcia,1984-11-18,F,San Antonio,2024-10-31
91,Anthony Martinez,1951-06-14,M,Houston,1973-03-07
92,Linda Brown,1989-08-26,F,Houston,2014-07-22
93,Joseph Brown,1958-11-09,M,New York,2023-06-14
94,Linda Williams,1980-09-13,F,San Jose,2017-07-28
95,Mark Davis,1975-03-26,M,San Diego,2008-12-10
96,Barbara Williams,1971-08-19,F,Phoenix,2014-07-24
97,Karen Davis,1973-09-07,F,San Diego,2010-06-09
98,Barbara Lopez,1982-04-13,F,San Jose,2021-07-08
99,Maria Martinez,1986-01-08,F,Philadelphia,2011-06-11
100,Lisa Garcia,1998-11-24,F,San Diego,2019-11-10
101,Donald Miller,1978-10-10,M,San Diego,2006-02-06
102,Patricia Lopez,1981-05-19,F,Phoenix,2008-08-20
103,Robert Rodriguez,1985-07-29,M,Philadelphia,2007-06-29
104,Christopher Anderson,1985-02-06,M,San Antonio,2024-06-19
105,Dorothy Davis,1984-01-19,F,San Diego,2024-04-10
106,Robert Gonzalez,1994-01-16,M,Dallas,2017-12-27
107,Mary Rodriguez,1970-08-22,F,Phoenix,2018-09-05
108,Donald Gonzalez,1985-12-11,M,Houston,2026-03-01
109,Richard Hernandez,1968-01-27,M,San Diego,2008-06-04
110,William Wilson,1965-01-01,M,San Diego,2010-03-26
111,Joseph Brown,1979-09-13,M,San Jose,2005-08-19
112,Michael Gonzalez,1981-03-09,M,Los Angeles,2007-09-03
113,Helen Brown,1983-02-10,F,San Jose,2026-07-10
114,Susan Hernandez,1969-01-12,F,San Diego,1992-07-05
115,Joseph Gonzalez,1990-06-23,M,Dallas,2016-08-11
116,Barbara Martinez,1971-11-29,F,San Antonio,2014-07-09
117,Daniel Wilson,1989-01-09,M,Philadelphia,2012-02-07
118,Charles Gonzalez,2001-03-22,M,Chicago,2024-02-14
119,Mark Johnson,1969-05-28,M,New York,2003-09-10
120,Lisa Rodriguez,1976-03-16,F,Phoenix,2009-06-03
121,Lisa Davis,1979-03-12,F,Chicago,2020-10-31
122,Charles Rodriguez,1974-09-30,M,Chicago,2011-02-12
123,Karen Lopez,1985-02-03,F,San Antonio,2016-01-09
124,Barbara Garcia,1953-09-08,F,San Antonio,1995-01-04
125,Thomas Johnson,1977-12-03,M,Houston,2003-09-17
126,Charles Anderson,1978-04-24,M,Philadelphia,2002-02-18
127,Joseph Martinez,1995-04-21,M,Philadelphia,2024-08-24
128,Donald Johnson,1983-10-21,M,Phoenix,2015-09-10
129,Anthony Smith,1991-12-09,M,Phoenix,2025-06-29
130,Margaret Wilson,1980-09-29,F,Philadelphia,2014-07-11
131,Daniel Rodriguez,1987-11-27,M,Dallas,2009-08-12
132,Betty Anderson,1987-05-17,F,Philadelphia,2018-11-08
133,Robert Rodriguez,1968-02-11,M,Houston,1993-03-30
134,Betty Brown,1998-05-02,F,Houston,2022-10-07
135,Charles Martinez,1990-03-22,M,San Diego,2020-10-06
136,William Rodriguez,1964-06-29,M,New York,2017-05-13
137,Helen Williams,1987-09-10,F,Houston,2025-09-12
138,Charles Williams,1980-07-22,M,Dallas,2022-11-20
139,Charles Garcia,1965-02-26,M,San Diego,1998-08-22
140,Anthony Wilson,1990-04-14,M,Chicago,2026-08-09
141,Elizabeth Rodriguez,1974-04-26,F,Chicago,2017-06-28
142,Matthew Davis,1953-07-04,M,Houston,2024-12-06
143,Margaret Johnson,1974-05-25,F,Los Angeles,2005-07-28
144,Susan Hernandez,1976-01-01,F,Houston,2013-03-16
145,David Brown,1976-01-15,M,Philadelphia,2000-01-20
146,John Lopez,1984-08-14,M,New York,2017-04-03
147,Margaret Martinez,1970-11-20,F,New York,2026-07-26
148,Richard Davis,1990-04-09,M,Phoenix,2015-02-02
149,Christopher Johnson,1983-05-16,M,San Diego,2010-01-07
150,Donald Anderson,1955-11-14,M,New York,2020-12-31
151,Linda Rodriguez,1981-11-16,F,Los Angeles,2024-01-27
152,Thomas Davis,1984-10-28,M,Phoenix,2012-06-28
153,Michael Gonzalez,1983-11-15,M,Philadelphia,2015-09-08
154,Robert Smith,1985-08-13,M,Los Angeles,2019-06-26
155,Barbara Davis,1969-11-13,F,Dallas,1997-03-15
156,Donald Williams,1981-11-12,M,Phoenix,2019-12-11
157,Dorothy Rodriguez,1995-07-16,F,New York,2023-03-25
158,Dorothy Miller,1990-05-17,F,New York,2018-06-01
159,Daniel Davis,1985-03-08,M,Dallas,2018-05-03
160,Margaret Martinez,1993-06-29,F,Houston,2013-08-04
161,David Smith,1965-08-13,M,Phoenix,1991-12-17
162,Matthew Rodriguez,1989-09-15,M,San Jose,2018-05-01
163,David Davis,1987-05-18,M,New York,2011-04-30
164,Daniel Hernandez,1978-12-07,M,Chicago,1997-03-29
165,Susan Gonzalez,1979-07-24,F,Philadelphia,2014-04-12
166,Anthony Jones,1965-07-09,M,Phoenix,2021-02-08
167,Mary Lopez,1973-07-10,F,San Jose,1992-03-02
168,Christopher Smith,1983-01-28,M,San Diego,2026-01-20
169,Patricia Miller,1964-03-09,F,Dallas,1987-03-28
170,Margaret Jones,1991-10-08,F,San Diego,2017-05-14
171,Donald Wilson,1984-07-27,M,Philadelphia,2024-04-08
172,Robert Smith,1981-04-17,M,Houston,2013-12-24
173,Jennifer Lopez,1985-10-01,F,New York,2017-10-06
174,Joseph Brown,1967-03-04,M,New York,2010-06-04
175,Nancy Martinez,1975-06-16,F,San Diego,2009-07-28
176,Anthony Johnson,1974-04-04,M,Philadelphia,1996-11-06
177,Mary Smith,1984-03-04,F,Los Angeles,2021-10-19
178,Margaret Miller,1982-03-23,F,Dallas,2021-11-19
179,Daniel Garcia,1982-06-17,M,San Jose,2006-01-16
180,Donald Lopez,1974-11-08,M,Phoenix,2005-10-10
181,Robert Johnson,1973-10-24,M,Los Angeles,2021-12-23
182,Nancy Rodriguez,1968-05-11,F,Chicago,2019-07-21
183,Elizabeth Smith,1981-10-17,F,Los Angeles,2010-08-05
184,William Anderson,1973-06-25,M,San Jose,2019-10-31
185,Barbara Anderson,1998-05-29,F,San Antonio,2021-10-21
186,Betty Johnson,1994-04-22,F,San Jose,2019-01-09
187,Joseph Anderson,1967-11-20,M,Phoenix,1996-10-01
188,Donald Davis,1973-10-19,M,San Diego,2000-05-18
189,Patricia Smith,1971-10-17,F,Philadelphia,2003-06-12
190,Betty Jones,1974-08-23,F,Chicago,1997-04-13
191,John Miller,1971-11-25,M,Chicago,2010-05-15
192,Michael Williams,1993-10-13,M,Phoenix,2022-08-30
193,Elizabeth Gonzalez,1968-08-30,F,New York,2006-01-29
194,Joseph Williams,1958-08-06,M,Houston,2002-06-17
195,Maria Gonzalez,1976-04-11,F,Philadelphia,2021-12-07
196,Patricia Hernandez,1970-04-25,F,San Diego,1999-12-18
197,Donald Lopez,1987-08-10,M,Chicago,2015-11-09
198,Linda Hernandez,1996-09-20,F,Chicago,2021-10-05
199,Betty Miller,1963-02-15,F,San Antonio,2011-11-14
200,Thomas Garcia,1963-02-21,M,San Antonio,2022-03-24
201,Michael Anderson,1986-08-03,M,San Jose,2020-03-17
202,Richard Miller,1982-08-24,M,San Jose,2009-02-23
203,Karen Davis,1984-02-01,F,Chicago,2026-09-02
204,Mary Wilson,1978-11-05,F,Los Angeles,1997-02-03
205,Barbara Anderson,1987-08-16,F,San Diego,2026-03-13
206,Lisa Anderson,1966-02-11,F,Dallas,2010-05-04
207,Anthony Miller,1980-10-25,M,Dallas,2014-06-09
208,Betty Miller,1980-10-26,F,San Jose,2006-12-23
209,Christopher Johnson,1978-07-15,M,Philadelphia,2017-09-30
210,Helen Hernandez,1988-11-06,F,San Diego,2011-10-02
211,Betty Hernandez,1960-06-15,F,Phoenix,2021-07-10
212,Anthony Wilson,1972-04-21,M,Los Angeles,2008-05-28
213,Helen Rodriguez,1988-07-07,F,Dallas,2026-03-27
214,Michael Williams,1999-08-01,M,Los Angeles,2019-08-23
215,Jennifer Hernandez,2001-08-04,F,New York,2025-11-01
216,Maria Wilson,1980-07-02,F,New York,2005-11-06
217,Betty Garcia,1975-09-16,F,Houston,2019-06-30
218,Barbara Johnson,1978-12-18,F,Los Angeles,2013-12-03
219,Anthony Williams,1980-02-11,M,Chicago,2017-05-05
220,Maria Rodriguez,1978-12-11,F,Dallas,2001-06-27
221,Betty Miller,1971-08-20,F,Houston,2006-02-10
222,William Rodriguez,1986-05-22,M,New York,2017-09-12
223,Susan Williams,1992-03-15,F,Chicago,2020-10-20
224,Mark Lopez,1989-02-08,M,Philadelphia,2025-05-13
225,Barbara Brown,1984-09-23,F,Chicago,2006-04-18
226,Daniel Wilson,1972-04-22,M,Philadelphia,2009-01-11
227,Richard Smith,1988-05-20,M,San Diego,2014-09-04
228,Robert Gonzalez,1990-07-12,M,San Jose,2015-07-01
229,Elizabeth Smith,1962-02-12,F,Dallas,1990-03-22
230,Thomas Jones,1986-03-02,M,San Diego,2021-09-07
231,Mark Davis,1976-12-24,M,San Antonio,2002-05-21
232,Mary Hernandez,1987-02-28,F,San Antonio,2016-03-23
233,David Lopez,1974-03-13,M,Houston,2000-09-22
234,David Rodriguez,1995-10-01,M,New York,2019-03-03
235,Christopher Miller,1987-07-04,M,Philadelphia,2007-01-30
236,Matthew Rodriguez,1993-05-09,M,Los Angeles,2023-08-31
237,Maria Miller,1999-04-07,F,Phoenix,2025-12-24
238,Margaret Wilson,1987-05-25,F,Dallas,2013-03-11
239,Donald Brown,1986-02-09,M,Los Angeles,2019-10-04
240,Elizabeth Brown,1966-06-10,F,Chicago,2025-08-21
241,Charles Davis,1971-12-28,M,New York,2025-05-25
242,Donald Garcia,1989-04-22,M,San Diego,2008-10-21
243,Lisa Williams,1979-12-05,F,Philadelphia,2004-01-25
244,Nancy Jones,1987-11-10,F,Dallas,2006-07-01
245,Barbara Brown,1981-10-16,F,Dallas,2015-02-07
246,Robert Anderson,1984-10-19,M,Chicago,2016-02-02
247,Helen Anderson,1971-07-22,F,Philadelphia,2003-05-14
248,Richard Lopez,1993-11-22,M,Phoenix,2017-03-03
249,Patricia Gonzalez,1981-11-13,F,San Diego,2000-07-09
250,Elizabeth Johnson,1983-05-18,F,New York,2010-08-24
251,Lisa Smith,2003-01-11,F,New York,2025-07-19
252,Charles Gonzalez,1980-02-10,M,Houston,2009-02-02
253,Margaret Hernandez,1998-08-20,F,San Diego,2017-02-09
254,Charles Miller,1964-07-25,M,Phoenix,2014-11-14
255,Maria Martinez,1963-08-17,F,Dallas,2019-09-19
256,Helen Gonzalez,1992-02-27,F,Philadelphia,2011-02-05
257,Christopher Anderson,1966-05-03,M,Dallas,2008-03-04
258,Thomas Anderson,1985-01-01,M,Chicago,2008-11-27
259,Elizabeth Anderson,1976-04-05,F,San Jose,2010-01-09
260,Charles Smith,1987-01-22,M,New York,2024-01-28
261,Dorothy Brown,2000-01-14,F,San Diego,2022-09-30
262,Susan Brown,1987-11-25,F,Chicago,2012-02-02
263,Daniel Johnson,1975-07-17,M,Los Angeles,2013-08-09
264,Joseph Johnson,1966-04-17,M,Houston,2018-12-31
265,Karen Martinez,1968-07-21,F,San Jose,1989-07-19
266,Lisa Smith,1967-03-07,F,Dallas,1997-05-25
267,Thomas Davis,1976-12-05,M,Dallas,2000-07-03
268,Dorothy Martinez,1990-11-09,F,San Diego,2017-12-05
269,Mark Hernandez,1999-10-24,M,Phoenix,2021-10-07
270,Barbara Lopez,1971-12-18,F,Chicago,2004-01-23
271,Barbara Wilson,1997-08-15,F,Chicago,2016-09-10
272,Linda Smith,1977-10-30,F,San Antonio,2006-12-01
273,William Brown,1961-10-17,M,Chicago,2016-04-10
274,Dorothy Lopez,1993-04-02,F,Houston,2023-01-21
275,Patricia Smith,1964-05-16,F,San Antonio,2019-09-20
276,Donald Miller,1958-11-02,M,Philadelphia,1987-08-29
277,Barbara Davis,1983-12-17,F,Los Angeles,2021-09-29
278,Maria Brown,1971-06-27,F,Phoenix,1995-06-28
279,William Rodriguez,1998-07-15,M,San Diego,2017-07-12
280,Matthew Brown,1985-07-14,M,Dallas,2009-04-08
281,Anthony Gonzalez,1976-04-23,M,Phoenix,1998-11-14
282,Helen Wilson,1983-09-01,F,Phoenix,2002-05-21
283,Charles Gonzalez,1980-08-15,M,Los Angeles,2011-02-15
284,Anthony Smith,1986-07-18,M,Houston,2010-11-09
285,Margaret Williams,1996-01-01,F,Chicago,2014-03-08
286,Thomas Rodriguez,1975-05-09,M,Los Angeles,1997-05-28
287,Mark Jones,2004-10-06,M,Chicago,2024-03-29
288,Michael Brown,1981-08-08,M,Los Angeles,2007-07-12
289,Lisa Wilson,1990-05-20,F,Dallas,2016-07-22
290,Margaret Anderson,1959-04-19,F,San Diego,2021-05-04
291,Karen Lopez,1994-04-10,F,Philadelphia,2026-05-30
292,Dorothy Martinez,1965-05-03,F,Los Angeles,1999-03-30
293,Helen Garcia,1986-04-22,F,Chicago,2017-01-22
294,Betty Martinez,1981-09-27,F,Dallas,2025-05-25
295,Susan Martinez,1967-05-02,F,San Antonio,2010-10-27
296,Nancy Gonzalez,1990-06-03,F,Chicago,2013-04-11
297,Susan Hernandez,1990-06-18,F,Los Angeles,2020-08-19
298,William Wilson,1971-10-19,M,Houston,2001-10-06
299,Elizabeth Garcia,1974-12-11,F,New York,2000-05-19
300,Margaret Brown,1970-12-30,F,San Antonio,1998-10-15
301,William Jones,1982-01-27,M,New York,2011-02-03
302,Robert Anderson,1975-03-31,M,San Jose,2025-11-06
303,Barbara Williams,1997-05-30,F,Chicago,2017-04-27
304,Richard Hernandez,1956-01-04,M,Philadelphia,1981-12-21
305,Patricia Rodriguez,1980-04-30,F,Los Angeles,2000-09-14
306,William Brown,1991-04-29,M,Los Angeles,2023-06-20
307,Michael Miller,1968-01-16,M,Houston,2002-03-07
308,Patricia Jones,1977-10-11,F,San Diego,1997-07-20
309,Richard Jones,1971-01-16,M,Phoenix,2014-08-02
310,Maria Smith,2003-01-01,F,Phoenix,2021-10-13
311,Mark Rodriguez,1984-04-11,M,Dallas,2024-07-27
312,Donald Martinez,1964-11-12,M,New York,1996-03-21
313,Nancy Anderson,1976-12-24,F,San Jose,2002-11-24
314,Donald Lopez,1981-07-18,M,Houston,2003-04-08
315,Maria Anderson,1981-05-15,F,San Antonio,2006-11-24
316,Richard Williams,1993-04-04,M,San Antonio,2012-09-15
317,Charles Hernandez,1984-06-29,M,Chicago,2017-01-11
318,Betty Hernandez,1967-02-16,F,Chicago,2008-09-17
319,Matthew Miller,1969-11-10,M,Los Angeles,2011-12-27
320,Karen Rodriguez,1984-09-22,F,New York,2011-05-06
321,Barbara Davis,1977-05-28,F,Phoenix,1999-08-23
322,David Smith,1956-06-16,M,Phoenix,2013-06-22
323,John Garcia,1979-02-02,M,Houston,2003-04-20
324,Daniel Hernandez,1998-07-26,M,Chicago,2019-08-16
325,Maria Hernandez,1979-05-31,F,San Jose,2025-09-13
326,Betty Miller,1988-02-22,F,Houston,2009-04-06
327,Michael Gonzalez,1975-06-20,M,Houston,2022-02-01
328,Margaret Rodriguez,1978-09-07,F,Chicago,2021-07-05
329,Charles Garcia,1984-06-22,M,Chicago,2003-03-04
330,Lisa Lopez,1969-07-15,F,San Antonio,2005-02-28
331,Daniel Miller,1975-09-14,M,Dallas,2004-12-14
332,Mark Miller,1970-12-31,M,Los Angeles,2019-05-24
333,John Williams,1993-07-03,M,San Diego,2025-02-26
334,Richard Jones,1973-09-21,M,Philadelphia,1997-02-12
335,Richard Miller,1978-11-11,M,Chicago,2009-12-19
336,Donald Williams,1986-07-31,M,Los Angeles,2014-10-08
337,Anthony Gonzalez,1992-06-11,M,San Diego,2024-06-20
338,Maria Rodriguez,1975-01-26,F,Phoenix,2011-11-10
339,Robert Davis,1980-04-07,M,Los Angeles,2022-02-10
340,Matthew Brown,1997-07-15,M,Philadelphia,2025-12-26
341,Jennifer Wilson,1984-08-02,F,Chicago,2004-11-05
342,Robert Brown,1974-09-25,M,San Jose,1993-02-08
343,Lisa Jones,1974-04-19,F,Phoenix,2006-05-08
344,John Wilson,1968-04-11,M,Dallas,1992-10-03
345,Barbara Lopez,1989-06-25,F,Los Angeles,2014-06-18
346,Dorothy Williams,1979-09-17,F,Phoenix,2000-05-17
347,Michael Gonzalez,1993-04-18,M,San Diego,2021-11-27
348,Robert Davis,1985-11-24,M,Los Angeles,2005-04-30
349,Barbara Anderson,1994-05-16,F,San Diego,2017-10-19
350,David Smith,1982-04-28,M,Dallas,2012-11-15
351,Linda Rodriguez,1992-02-27,F,Dallas,2016-12-01
352,Nancy Miller,2004-11-29,F,Phoenix,2024-07-30
353,Karen Miller,1985-04-26,F,Houston,2006-04-27
354,Elizabeth Rodriguez,1990-08-30,F,Phoenix,2018-11-27
355,John Rodriguez,1989-08-03,M,Dallas,2013-02-19
356,Dorothy Williams,1972-05-12,F,Phoenix,2002-12-28
357,Maria Miller,1979-11-22,F,New York,2001-05-16
358,Matthew Brown,1978-07-04,M,New York,2023-01-17
359,Christopher Jones,1996-06-07,M,New York,2016-03-15
360,Lisa Brown,1984-10-03,F,Chicago,2006-11-01
361,Matthew Garcia,1985-04-18,M,New York,2010-08-10
362,Betty Hernandez,1992-01-08,F,Philadelphia,2021-08-24
363,Karen Johnson,1986-06-20,F,New York,2013-09-13
364,Christopher Anderson,1973-07-23,M,Phoenix,2018-01-09
365,Jennifer Davis,1972-02-05,F,Phoenix,1997-06-28
366,Lisa Wilson,1968-04-14,F,Los Angeles,2014-04-29
367,Thomas Garcia,1999-02-14,M,San Antonio,2017-12-26
368,Mary Johnson,1987-11-30,F,Phoenix,2009-01-26
369,Betty Rodriguez,1960-08-19,F,San Jose,1995-07-14
370,Charles Lopez,1949-01-14,M,San Jose,2012-07-11
371,Lisa Wilson,1975-10-04,F,Chicago,1995-07-12
372,Susan Brown,1960-03-04,F,Philadelphia,1978-07-26
373,Maria Smith,1975-05-14,F,Philadelphia,2009-08-30
374,Thomas Jones,1989-10-14,M,Philadelphia,2011-05-05
375,Elizabeth Miller,1984-10-09,F,San Antonio,2024-10-31
376,Helen Hernandez,1962-04-21,F,San Jose,1996-06-22
377,Susan Martinez,1984-07-08,F,Houston,2024-05-22
378,Mark Martinez,1976-08-17,M,Dallas,1998-03-07
379,Elizabeth Smith,1988-05-29,F,San Diego,2010-04-24
380,William Wilson,1958-07-11,M,San Jose,1996-02-10
381,Patricia Johnson,1992-07-05,F,San Jose,2013-04-26
382,Joseph Brown,1979-10-07,M,Dallas,2019-12-19
383,Joseph Gonzalez,1985-05-13,M,Chicago,2020-03-31
384,Lisa Gonzalez,1991-11-21,F,San Antonio,2015-11-04
385,John Martinez,1981-12-10,M,Philadelphia,2016-11-28
386,Richard Lopez,1969-06-28,M,Chicago,1991-09-18
387,William Hernandez,1972-09-25,M,Houston,2007-03-23
388,David Rodriguez,1980-11-28,M,Chicago,2003-07-16
389,Donald Brown,1987-06-21,M,San Antonio,2016-10-18
390,Helen Davis,1994-01-11,F,Philadelphia,2015-07-31
391,John Brown,1982-05-20,M,Phoenix,2015-10-21
392,Barbara Wilson,1990-03-19,F,Phoenix,2018-09-14
393,Matthew Anderson,1990-10-08,M,New York,2010-12-29
394,Thomas Garcia,1976-07-28,M,Houston,2014-02-13
395,Nancy Jones,1965-12-30,F,San Diego,2014-01-27
396,Matthew Anderson,1965-09-04,M,San Jose,1998-11-09
397,Anthony Smith,1962-11-05,M,Phoenix,1991-11-21
398,David Brown,1965-03-11,M,Phoenix,1983-08-19
399,Matthew Anderson,1970-10-04,M,Chicago,2018-08-27
400,Daniel Brown,1960-12-15,M,Phoenix,1988-01-09
401,Susan Lopez,1958-06-24,F,Dallas,1991-12-10
402,Jennifer Johnson,1965-11-28,F,Dallas,2019-12-17
403,Matthew Lopez,1984-08-18,M,San Diego,2008-10-07
404,Jennifer Gonzalez,1981-06-09,F,San Diego,2013-01-28
405,Elizabeth Davis,1993-07-10,F,Phoenix,2026-04-10
406,William Anderson,1994-04-17,M,Dallas,2020-06-20
407,William Brown,1976-06-09,M,New York,2025-07-24
408,Matthew Lopez,1971-10-07,M,San Jose,2008-08-02
409,Karen Martinez,1990-04-20,F,Houston,2014-05-19
410,Barbara Lopez,1989-03-08,F,Houston,2014-03-02
411,Joseph Brown,1977-04-18,M,Philadelphia,1998-07-20
412,Christopher Miller,1983-06-14,M,San Diego,2009-07-17
413,Margaret Anderson,1982-09-28,F,Houston,2008-11-21
414,Patricia Brown,1964-04-06,F,Dallas,2022-10-15
415,Elizabeth Rodriguez,1974-03-11,F,Los Angeles,2012-12-17
416,Michael Garcia,1983-07-29,M,Houston,2026-05-23
417,Matthew Gonzalez,1972-05-03,M,Houston,1991-12-19
418,Elizabeth Jones,1989-10-01,F,Los Angeles,2017-01-29
419,John Miller,1974-12-09,M,Phoenix,1999-11-10
420,Nancy Davis,1967-01-16,F,San Jose,2023-08-28
421,Lisa Rodriguez,1991-12-09,F,Houston,2012-07-24
422,Susan Hernandez,1998-08-20,F,Philadelphia,2021-06-12
423,John Garcia,1989-05-25,M,San Jose,2012-12-05
424,Susan Jones,1990-01-06,F,San Jose,2021-04-08
425,Richard Jones,1976-03-16,M,Houston,2019-12-17
426,John Garcia,1991-12-14,M,San Antonio,2017-02-05
427,Mark Rodriguez,2000-12-09,M,Houston,2026-06-25
428,Mark Anderson,1969-03-26,M,San Antonio,1989-07-30
429,Joseph Davis,1985-10-23,M,San Antonio,2006-04-11
430,Daniel Davis,1966-05-12,M,New York,1989-07-19
431,Linda Johnson,1985-04-13,F,Houston,2020-08-31
432,Christopher Gonzalez,1982-03-02,M,San Jose,2016-08-26
433,Patricia Lopez,1983-12-31,F,Dallas,2015-09-13
434,Patricia Davis,1990-07-24,F,Dallas,2014-03-06
435,Maria Gonzalez,1976-02-22,F,San Jose,1995-09-11
436,Karen Wilson,1978-09-29,F,San Antonio,2016-08-04
437,Karen Garcia,1976-04-06,F,San Antonio,2002-04-08
438,Susan Anderson,1989-08-29,F,San Antonio,2021-06-17
439,Elizabeth Brown,1981-12-17,F,Philadelphia,2024-03-25
440,Maria Garcia,1974-04-24,F,Dallas,2005-09-16
441,Christopher Garcia,1986-06-05,M,Phoenix,2009-11-20
442,Matthew Miller,1986-01-28,M,Phoenix,2024-01-10
443,Anthony Smith,1988-08-23,M,Chicago,2009-01-26
444,William Martinez,1975-03-18,M,San Diego,2025-06-21
445,Robert Wilson,1974-10-19,M,Phoenix,2017-02-03
446,Michael Brown,1990-10-24,M,San Diego,2020-11-16
447,Linda Lopez,1981-07-29,F,New York,2021-11-02
448,Joseph Williams,1997-09-09,M,Los Angeles,2023-05-05
449,Susan Smith,1959-02-28,F,Houston,1991-12-06
450,William Jones,1993-01-14,M,Chicago,2013-12-31
451,David Rodriguez,1986-09-01,M,Philadelphia,2021-01-23
452,Susan Anderson,1979-04-06,F,Dallas,2025-11-18
453,William Martinez,1973-05-12,M,San Jose,2010-11-26
454,Karen Martinez,1988-05-03,F,Phoenix,2025-03-10
455,Dorothy Lopez,1988-01-01,F,Houston,2015-09-06
456,Helen Miller,1980-11-21,F,Chicago,2011-08-06
457,Robert Jones,1979-07-24,M,Los Angeles,2008-12-02
458,Lisa Williams,1990-11-10,F,Houston,2022-07-03
459,David Brown,1981-05-14,M,Houston,2004-01-09
460,Patricia Garcia,2000-10-13,F,San Antonio,2023-12-05
461,Anthony Brown,1976-04-24,M,San Diego,2024-09-24
462,Matthew Miller,1992-12-03,M,Philadelphia,2014-06-12
463,Helen Martinez,1976-05-14,F,New York,2024-11-04
464,Robert Wilson,1992-11-03,M,Dallas,2014-11-10
465,David Brown,1981-03-14,M,San Diego,2007-01-28
466,Elizabeth Davis,1983-02-08,F,Dallas,2006-09-13
467,Susan Rodriguez,1981-11-16,F,San Diego,2017-12-19
468,Christopher Hernandez,1969-11-02,M,Philadelphia,1990-01-13
469,Charles Hernandez,1985-08-07,M,Phoenix,2004-08-18
470,Dorothy Garcia,1979-12-24,F,Philadelphia,2009-01-30
471,Robert Jones,1981-11-07,M,San Jose,2015-07-17
472,Daniel Gonzalez,1968-10-06,M,New York,2023-11-25
473,Dorothy Wilson,1982-10-26,F,Houston,2019-02-28
474,Mary Davis,1958-06-07,F,San Antonio,2023-07-24
475,Lisa Lopez,1973-01-19,F,San Jose,2004-01-10
476,Dorothy Hernandez,1992-05-23,F,Chicago,2023-03-10
477,Anthony Lopez,1977-09-21,M,Chicago,2021-07-09
478,Thomas Davis,1994-08-30,M,New York,2018-02-14
479,Helen Davis,1979-06-27,F,Chicago,2012-09-21
480,Christopher Williams,1975-02-24,M,New York,1993-06-10
481,Mark Lopez,1981-08-01,M,San Diego,2007-10-23
482,Robert Gonzalez,1975-06-15,M,Philadelphia,1999-02-09
483,Charles Garcia,1972-12-20,M,Phoenix,2020-04-17
484,Daniel Williams,1992-09-01,M,San Jose,2025-04-30
485,Michael Williams,1995-12-16,M,Philadelphia,2017-06-26
486,Matthew Lopez,1988-10-10,M,San Antonio,2014-08-29
487,Daniel Rodriguez,1953-07-05,M,Houston,1977-07-30
488,Betty Davis,1982-02-27,F,San Antonio,2023-12-09
489,Mary Williams,1981-01-29,F,Philadelphia,2001-09-24
490,Richard Anderson,1973-06-20,M,Phoenix,2025-05-17
491,Robert Anderson,1977-10-29,M,Phoenix,2015-10-30
492,Maria Rodriguez,1956-02-27,F,Los Angeles,1983-01-30
493,Betty Hernandez,1959-10-23,F,Chicago,1996-05-01
494,Lisa Smith,1993-10-21,F,San Diego,2019-01-19
495,Susan Rodriguez,1984-03-25,F,Dallas,2004-05-16
496,William Smith,1980-10-16,M,New York,2013-09-14
497,Dorothy Wilson,1998-10-27,F,Chicago,2022-09-18
498,Lisa Wilson,1983-02-27,F,Philadelphia,2019-08-17
499,John Johnson,1976-06-03,M,San Antonio,2010-02-19
500,Thomas Wilson,1982-08-16,M,San Diego,2003-01-29
501,David Hernandez,1988-05-12,M,Philadelphia,2025-05-28
502,Matthew Smith,1974-07-21,M,Houston,2013-06-30
503,John Gonzalez,1961-03-16,M,Philadelphia,1996-03-31
504,Dorothy Smith,1967-05-27,F,Dallas,1992-04-03
505,Nancy Miller,1971-08-15,F,Philadelphia,2002-05-16
506,Thomas Williams,1973-09-11,M,Dallas,2026-06-24
507,Charles Wilson,1971-06-04,M,New York,2010-04-15
508,Mark Hernandez,1959-06-06,M,New York,2022-02-12
509,Susan Brown,1988-03-15,F,New York,2011-01-12
510,Lisa Johnson,1986-09-02,F,San Jose,2023-11-11
511,Susan Lopez,1965-11-08,F,San Jose,2023-11-25
512,Elizabeth Williams,1974-07-30,F,San Jose,2003-12-04
513,Elizabeth Smith,1971-12-04,F,Chicago,2009-04-26
514,Joseph Brown,1966-10-27,M,San Diego,1990-09-04
515,Barbara Rodriguez,1978-03-03,F,San Antonio,2002-10-27
516,Michael Davis,1982-04-03,M,Philadelphia,2013-08-20
517,Donald Garcia,1992-06-03,M,San Antonio,2025-03-16
518,Nancy Smith,1990-05-01,F,Los Angeles,2023-06-27
519,Betty Martinez,1993-07-13,F,San Jose,2025-07-23
520,Anthony Hernandez,1967-12-28,M,San Antonio,2024-11-08
521,Maria Hernandez,1989-05-08,F,San Jose,2018-08-31
522,Anthony Anderson,1984-01-27,M,Houston,2019-10-24
523,Betty Martinez,1967-06-01,F,Los Angeles,1986-11-23
524,Matthew Anderson,1964-04-27,M,Dallas,2019-11-09
525,Christopher Davis,1965-10-14,M,Dallas,1985-07-29
526,Lisa Hernandez,1979-09-30,F,Dallas,2010-10-22
527,Michael Davis,1989-09-28,M,San Antonio,2024-09-24
528,Joseph Smith,1980-01-30,M,San Jose,2024-01-15
529,Thomas Smith,1984-12-02,M,Phoenix,2023-03-10
530,Maria Rodriguez,1968-09-08,F,Houston,2025-06-12
531,Richard Rodriguez,1981-12-22,M,San Diego,2004-12-05
532,Nancy Miller,1976-12-30,F,Chicago,2002-07-18
533,Charles Smith,1994-12-06,M,New York,2026-05-25
534,Anthony Smith,1973-09-22,M,Phoenix,2023-12-16
535,Richard Rodriguez,1984-04-19,M,Philadelphia,2007-09-30
536,Nancy Lopez,1982-09-16,F,San Antonio,2006-05-30
537,Maria Jones,1979-10-10,F,New York,2023-07-22
538,Daniel Rodriguez,1987-01-07,M,San Jose,2021-09-02
539,Lisa Jones,1972-12-01,F,San Diego,1996-08-15
540,Susan Smith,1981-05-15,F,Philadelphia,2004-06-28
541,Linda Rodriguez,1991-01-22,F,San Antonio,2023-08-12
542,Dorothy Wilson,1991-08-02,F,San Antonio,2019-04-15
543,Robert Lopez,1963-07-29,M,Houston,1991-07-01
544,Susan Hernandez,1971-02-04,F,Los Angeles,2016-08-09
545,Donald Miller,2001-02-24,M,San Antonio,2021-05-05
546,Matthew Gonzalez,1965-12-26,M,New York,2001-06-18
547,Mark Anderson,1988-05-30,M,San Diego,2022-09-20
548,Linda Williams,1988-12-10,F,Phoenix,2016-08-14
549,Anthony Johnson,1982-03-20,M,Philadelphia,2011-03-27
550,Jennifer Anderson,1980-07-01,F,San Diego,2022-03-14
551,Maria Johnson,1976-10-23,F,Los Angeles,2025-07-27
552,Betty Rodriguez,1992-03-29,F,San Antonio,2020-06-03
553,Daniel Williams,1986-12-28,M,San Diego,2026-01-22
554,Maria Brown,1995-07-31,F,Dallas,2018-06-01
555,Lisa Brown,1990-12-11,F,San Antonio,2021-07-14
556,Karen Martinez,1968-11-23,F,Los Angeles,1994-10-04
557,Thomas Rodriguez,1962-05-17,M,Los Angeles,2017-02-07
558,Robert Jones,1974-08-20,M,New York,2022-12-22
559,Daniel Wilson,1972-10-04,M,San Diego,2002-01-09
560,Barbara Garcia,1986-10-04,F,San Diego,2008-02-20
561,Maria Jones,1997-03-14,F,San Antonio,2020-05-13
562,Karen Gonzalez,1991-01-08,F,Los Angeles,2015-10-30
563,Betty Miller,1973-06-18,F,Dallas,2023-01-24
564,Michael Johnson,1980-06-16,M,Chicago,2016-03-28
565,Helen Garcia,1976-10-23,F,San Antonio,1999-06-30
566,Richard Miller,1996-04-11,M,Philadelphia,2021-10-04
567,Elizabeth Davis,1975-02-03,F,Los Angeles,2003-03-07
568,Charles Martinez,1963-09-05,M,Philadelphia,1983-03-13
569,Thomas Brown,1990-05-29,M,San Jose,2011-11-26
570,Daniel Lopez,1982-06-22,M,San Diego,2005-09-17
571,Linda Brown,1999-08-01,F,Los Angeles,2025-06-06
572,Christopher Jones,1986-07-25,M,Houston,2019-12-12
573,Dorothy Hernandez,1970-06-17,F,Chicago,2022-05-27
574,Susan Wilson,1989-04-08,F,Los Angeles,2019-06-23
575,Linda Wilson,1985-11-23,F,San Diego,2020-07-08
576,Daniel Johnson,1990-11-04,M,Philadelphia,2013-11-24
577,David Hernandez,1983-08-19,M,Los Angeles,2006-08-01
578,Helen Wilson,1992-04-07,F,Philadelphia,2018-09-20
579,Helen Hernandez,1982-08-21,F,Phoenix,2004-11-03
580,Thomas Gonzalez,1978-11-29,M,Dallas,2007-10-11
581,Joseph Smith,1984-11-30,M,Phoenix,2013-09-20
582,Dorothy Johnson,1983-11-03,F,Houston,2010-07-22
583,Charles Miller,1971-01-21,M,Dallas,2025-01-21
584,Susan Miller,1981-01-11,F,Los Angeles,2000-08-22
585,Barbara Miller,1983-03-03,F,Philadelphia,2019-10-27
586,Betty Rodriguez,1978-10-10,F,San Jose,2021-12-18
587,William Davis,2002-06-09,M,Houston,2026-04-25
588,Richard Smith,1991-09-19,M,San Diego,2023-10-24
589,Nancy Hernandez,1983-12-07,F,Dallas,2004-04-29
590,Mark Smith,1981-02-15,M,San Jose,2006-01-29
591,Elizabeth Lopez,1976-05-14,F,San Jose,2016-06-14
592,Mark Williams,1953-05-22,M,Phoenix,2022-09-28
593,Nancy Johnson,1977-11-22,F,San Antonio,2010-01-28
594,Helen Davis,1983-05-18,F,New York,2005-05-01
595,Susan Wilson,1986-09-09,F,Dallas,2015-07-27
596,Helen Miller,1977-11-13,F,San Antonio,2003-08-09
597,Anthony Hernandez,1988-01-10,M,Los Angeles,2013-11-14
598,Anthony Gonzalez,1984-08-24,M,Los Angeles,2005-08-17
599,Daniel Garcia,1984-06-09,M,San Jose,2011-11-07
600,David Martinez,1968-11-23,M,Houston,1996-02-13
601,Nancy Wilson,1977-06-26,F,Houston,2010-01-21
602,Lisa Johnson,1977-09-02,F,San Antonio,2003-05-26
603,Lisa Anderson,2004-04-07,F,Philadelphia,2023-03-17
604,Daniel Rodriguez,1960-12-09,M,New York,2017-11-21
605,Elizabeth Anderson,1978-12-19,F,Houston,2012-06-16
606,Mary Smith,1994-07-30,F,New York,2014-07-26
607,Nancy Brown,1972-09-26,F,Philadelphia,2025-05-26
608,Donald Brown,1971-01-08,M,New York,2011-05-17
609,Matthew Anderson,1980-01-22,M,San Diego,2019-03-11
610,William Wilson,1980-05-11,M,Chicago,2011-05-31
611,Thomas Lopez,1978-11-01,M,Phoenix,2005-08-28
612,Jennifer Anderson,1994-12-18,F,Dallas,2025-07-21
613,Helen Martinez,2003-02-04,F,Phoenix,2025-08-02
614,Michael Davis,1988-05-11,M,New York,2019-01-17
615,Mark Jones,2004-01-09,M,San Antonio,2024-12-28
616,Karen Smith,1974-12-05,F,Phoenix,2017-04-20
617,Mark Anderson,1974-08-07,M,New York,2021-04-18
618,Robert Johnson,1984-02-17,M,Chicago,2016-02-13
619,Robert Hernandez,1967-04-02,M,Philadelphia,1989-02-12
620,William Anderson,1991-08-29,M,Dallas,2022-11-21
621,Nancy Jones,1972-09-06,F,New York,2023-12-27
622,Maria Anderson,1985-04-12,F,Philadelphia,2012-01-29
623,Karen Rodriguez,1979-06-16,F,New York,2008-05-10
624,Patricia Martinez,1969-01-14,F,San Diego,2017-11-14
625,Mary Hernandez,1980-08-26,F,Phoenix,2016-07-31
626,Robert Smith,1990-10-08,M,Philadelphia,2010-10-13
627,Daniel Williams,1986-01-13,M,Chicago,2023-08-09
628,Elizabeth Anderson,1967-05-24,F,Philadelphia,2026-03-20
629,Betty Wilson,1971-08-23,F,Phoenix,2009-03-13
630,Jennifer Garcia,1986-04-07,F,San Jose,2022-07-21
631,William Smith,1970-08-29,M,San Antonio,2004-08-22
632,Christopher Brown,1981-04-24,M,Los Angeles,2017-05-18
633,Margaret Martinez,1969-07-26,F,Houston,1994-09-25
634,Christopher Williams,1956-03-08,M,Philadelphia,2000-09-27
635,Robert Gonzalez,1976-01-01,M,Houston,2003-12-13
636,Susan Wilson,1975-05-17,F,San Jose,2003-11-02
637,Elizabeth Lopez,1964-03-30,F,San Jose,2003-04-20
638,Patricia Wilson,1977-02-12,F,Philadelphia,2014-03-14
639,John Miller,1993-04-20,M,San Jose,2026-06-16
640,Joseph Anderson,1982-07-13,M,San Diego,2011-09-07
641,William Johnson,1977-05-20,M,Houston,2018-08-12
642,Linda Jones,1984-04-20,F,New York,2021-04-14
643,Richard Williams,1965-01-13,M,Los Angeles,2000-08-11
644,Nancy Martinez,1977-10-18,F,Phoenix,1998-11-26
645,Margaret Brown,1973-07-30,F,Philadelphia,2022-01-10
646,Matthew Martinez,1984-01-21,M,San Antonio,2009-06-13
647,Helen Wilson,1991-01-18,F,San Antonio,2010-01-29
648,Robert Wilson,1975-03-03,M,San Jose,1998-03-08
649,Dorothy Miller,1976-08-20,F,San Antonio,2026-07-18
650,David Hernandez,1974-02-25,M,Los Angeles,2017-07-13
651,Richard Anderson,1989-05-19,M,Philadelphia,2016-07-26
652,Joseph Rodriguez,1985-04-25,M,San Antonio,2016-08-25
653,Betty Garcia,1989-09-24,F,Philadelphia,2015-07-04
654,Daniel Miller,1985-10-28,M,Los Angeles,2004-08-19
655,Donald Gonzalez,1981-12-29,M,Phoenix,2010-06-02
656,Jennifer Lopez,1995-06-08,F,San Diego,2017-07-27
657,David Williams,1974-11-03,M,Los Angeles,2017-01-22
658,Robert Gonzalez,1978-09-06,M,Phoenix,2005-01-25
659,Betty Lopez,1967-10-10,F,Philadelphia,2026-08-31
660,Daniel Lopez,1988-01-09,M,Dallas,2021-10-13
661,Daniel Johnson,1960-07-12,M,Los Angeles,1978-09-19
662,Mary Rodriguez,1983-03-04,F,Los Angeles,2011-09-24
663,Richard Lopez,1988-10-04,M,Dallas,2022-09-19
664,Michael Garcia,1975-07-10,M,Philadelphia,2002-03-03
665,Barbara Smith,1974-08-16,F,San Diego,1996-02-11
666,Anthony Johnson,1976-11-20,M,Philadelphia,2005-11-29
667,Dorothy Miller,1991-12-24,F,Phoenix,2010-02-26
668,Mark Brown,1990-10-23,M,New York,2026-02-14
669,Anthony Wilson,1977-05-21,M,Philadelphia,2023-07-20
670,Donald Johnson,1986-06-09,M,Chicago,2005-04-09
671,Elizabeth Garcia,1988-03-11,F,San Antonio,2023-04-15
672,Linda Martinez,1993-10-07,F,Houston,2021-11-30
673,Margaret Gonzalez,1989-09-08,F,Los Angeles,2014-12-10
674,Michael Martinez,1976-04-05,M,Philadelphia,2018-11-14
675,Mark Martinez,1962-03-18,M,Los Angeles,1992-02-20
676,John Miller,1977-02-17,M,New York,2017-04-04
677,Anthony Gonzalez,1995-01-13,M,Phoenix,2026-05-20
678,Richard Garcia,1984-05-14,M,Dallas,2025-07-21
679,David Smith,1979-12-01,M,Philadelphia,2008-10-12
680,Matthew Hernandez,1957-05-10,M,Philadelphia,1992-01-27
681,Robert Jones,1989-08-07,M,Phoenix,2015-09-26
682,Susan Gonzalez,1975-05-15,F,Chicago,2006-01-10
683,Richard Davis,1974-08-16,M,Phoenix,1999-02-23
684,Patricia Davis,1981-05-01,F,New York,2012-12-23
685,William Brown,1987-03-31,M,San Antonio,2013-06-10
686,Mary Garcia,1988-05-17,F,San Jose,2013-11-13
687,Helen Rodriguez,1956-07-20,F,Chicago,2019-07-08
688,Margaret Miller,1976-01-17,F,Phoenix,2005-04-07
689,Daniel Miller,1980-05-11,M,San Diego,2018-01-23
690,Mary Williams,1979-11-20,F,Houston,2026-08-14
691,Betty Hernandez,1976-10-15,F,Houston,2004-10-04
692,Daniel Martinez,1971-09-17,M,Los Angeles,1997-12-12
693,Matthew Hernandez,1992-10-08,M,New York,2011-12-23
694,Patricia Miller,1983-09-14,F,San Jose,2016-02-15
695,Jennifer Johnson,1980-01-31,F,New York,2021-08-07
696,Patricia Gonzalez,1993-03-16,F,Philadelphia,2025-01-03
697,Christopher Martinez,1995-10-30,M,Dallas,2014-02-25
698,Margaret Jones,1966-04-30,F,Philadelphia,2006-09-12
699,Maria Gonzalez,1983-06-19,F,Phoenix,2011-02-19
700,Margaret Brown,1976-08-06,F,San Diego,2001-12-03
701,Thomas Lopez,1973-08-25,M,New York,2000-01-08
702,Patricia Johnson,1992-08-29,F,Los Angeles,2022-01-29
703,Patricia Johnson,1986-08-08,F,Chicago,2014-01-26
704,Lisa Jones,1994-07-12,F,Dallas,2023-10-31
705,Margaret Williams,1968-03-28,F,Chicago,1993-05-26
706,Barbara Miller,1981-01-02,F,Phoenix,2026-06-10
707,Donald Lopez,1988-11-03,M,San Diego,2025-10-27
708,Richard Gonzalez,1984-03-06,M,Chicago,2011-11-23
709,Maria Hernandez,1977-02-27,F,San Antonio,2018-06-26
710,Robert Williams,1972-01-28,M,Dallas,2008-07-08
711,Richard Lopez,1982-06-27,M,New York,2000-12-14
712,Jennifer Miller,1971-06-14,F,San Antonio,2002-10-19
713,Lisa Garcia,1967-12-01,F,Philadelphia,1989-06-06
714,Patricia Garcia,1982-11-20,F,Houston,2013-04-07
715,Robert Johnson,1987-05-10,M,Philadelphia,2020-04-05
716,Robert Johnson,1992-09-28,M,San Antonio,2016-09-28
717,Jennifer Smith,1994-03-05,F,San Antonio,2014-11-04
718,Margaret Jones,1982-05-23,F,Philadelphia,2004-08-03
719,Thomas Davis,1967-01-16,M,Phoenix,2022-02-11
720,Lisa Garcia,1974-03-26,F,New York,2010-01-07
721,Richard Gonzalez,1968-05-25,M,Dallas,1992-04-18
722,Karen Jones,1981-04-05,F,Chicago,2025-09-14
723,Donald Johnson,1967-09-20,M,Philadelphia,2025-09-21
724,Elizabeth Williams,1974-11-15,F,Phoenix,2025-11-09
725,Jennifer Johnson,1968-04-25,F,Philadelphia,2006-07-27
726,Thomas Williams,1998-12-31,M,Philadelphia,2022-10-12
727,Daniel Miller,1982-08-11,M,Philadelphia,2013-08-17
728,Mark Davis,1976-09-23,M,New York,2014-12-26
729,Mark Rodriguez,1978-04-06,M,Phoenix,2004-06-14
730,Patricia Rodriguez,1966-01-18,F,Houston,2018-08-19
731,Dorothy Rodriguez,1986-07-29,F,Dallas,2005-03-02
732,Charles Miller,1981-04-29,M,New York,2009-06-22
733,Karen Johnson,1976-07-13,F,Los Angeles,2017-01-03
734,Dorothy Smith,1993-06-15,F,Chicago,2014-03-29
735,Margaret Johnson,1988-10-13,F,Los Angeles,2015-11-01
736,Donald Garcia,1995-03-25,M,San Diego,2019-10-02
737,Nancy Rodriguez,1981-09-14,F,San Antonio,2002-06-25
738,Michael Johnson,1983-01-12,M,Houston,2022-09-06
739,Anthony Martinez,1978-02-24,M,Philadelphia,2012-08-10
740,Richard Martinez,1980-06-18,M,San Antonio,2019-08-28
741,Michael Gonzalez,1965-10-23,M,Chicago,2009-06-03
742,Dorothy Garcia,1970-09-25,F,Phoenix,2014-11-29
743,Patricia Wilson,1978-05-01,F,Chicago,2014-03-19
744,Daniel Miller,1971-07-05,M,Chicago,2021-07-18
745,Patricia Smith,1974-04-16,F,San Antonio,2022-09-28
746,Barbara Jones,1953-05-12,F,Philadelphia,1997-10-21
747,Joseph Miller,1997-02-04,M,Philadelphia,2023-02-28
748,Richard Miller,1994-12-16,M,Los Angeles,2022-02-18
749,Richard Gonzalez,1976-07-26,M,Chicago,1999-02-20
750,Dorothy Johnson,1970-02-05,F,New York,2015-06-28
751,Helen Lopez,1969-04-08,F,New York,2012-04-26
752,Michael Anderson,1996-05-23,M,New York,2017-07-12
753,Mary Rodriguez,1964-01-09,F,Los Angeles,2009-02-22
754,Elizabeth Anderson,1988-02-23,F,Houston,2010-06-15
755,Charles Brown,1970-07-01,M,Philadelphia,1991-04-25
756,Joseph Martinez,2000-08-21,M,Houston,2018-08-30
757,William Rodriguez,1976-01-10,M,New York,2004-03-13
758,Patricia Williams,1978-07-26,F,Philadelphia,2009-12-11
759,Robert Hernandez,1964-01-06,M,New York,1987-12-08
760,Daniel Miller,1969-12-10,M,San Diego,1992-08-22
761,Margaret Williams,1991-06-28,F,Phoenix,2016-08-20
762,Mary Williams,1984-09-21,F,San Jose,2007-01-25
763,Christopher Jones,1968-11-23,M,San Diego,2006-08-24
764,William Jones,1979-01-02,M,Dallas,1997-12-04
765,William Jones,1974-08-04,M,Chicago,1995-10-16
766,Karen Davis,1977-04-03,F,San Antonio,2022-08-21
767,Richard Williams,1989-11-28,M,Chicago,2008-02-19
768,Joseph Johnson,1978-07-31,M,Philadelphia,2026-03-02
769,Linda Williams,1975-08-29,F,Philadelphia,2000-02-12
770,Thomas Miller,1974-10-01,M,Los Angeles,2019-11-30
771,Margaret Jones,1959-03-07,F,Phoenix,2005-03-07
772,Lisa Miller,1970-04-05,F,Phoenix,2019-10-24
773,Patricia Jones,1979-08-26,F,New York,2001-04-13
774,Matthew Davis,1980-05-27,M,Los Angeles,2021-06-25
775,John Gonzalez,1982-03-09,M,San Diego,2025-07-24
776,Robert Johnson,1996-06-13,M,Dallas,2020-01-10
777,Dorothy Garcia,1986-04-05,F,Chicago,2009-10-05
778,Charles Jones,1970-06-22,M,Philadelphia,1990-11-15
779,Maria Brown,1977-06-03,F,Philadelphia,2007-10-15
780,Charles Lopez,1984-05-12,M,Chicago,2024-05-01
781,Richard Hernandez,2001-01-04,M,Los Angeles,2026-07-12
782,Christopher Davis,1967-08-25,M,Houston,2013-10-01
783,Matthew Martinez,1985-03-10,M,Houston,2009-04-16
784,Patricia Martinez,1982-05-25,F,Phoenix,2020-06-08
785,Robert Brown,1983-02-14,M,Houston,2014-11-27
786,Christopher Davis,1979-01-02,M,Los Angeles,2016-04-30
787,Robert Johnson,1978-09-09,M,San Diego,1999-11-09
788,David Williams,1988-01-13,M,San Antonio,2022-12-14
789,Barbara Jones,1983-03-30,F,Houston,2018-09-26
790,Michael Smith,1979-06-08,M,San Jose,2009-07-22
791,Daniel Miller,1976-10-01,M,New York,2025-12-16
792,Thomas Garcia,1988-07-01,M,Los Angeles,2025-02-07
793,Anthony Wilson,1983-01-13,M,San Diego,2020-07-26
794,Matthew Martinez,1974-07-03,M,Phoenix,1994-11-06
795,Lisa Miller,1987-10-04,F,Philadelphia,2021-11-03
796,Barbara Gonzalez,1976-12-08,F,San Antonio,2005-05-28
797,David Wilson,1978-04-08,M,Chicago,2009-06-13
798,Christopher Garcia,1969-04-11,M,Philadelphia,2004-06-15
799,Anthony Davis,1978-03-16,M,Houston,2020-08-27
800,Linda Garcia,1987-06-19,F,Chicago,2026-07-15
801,Lisa Miller,1982-07-08,F,Phoenix,2025-07-03
802,Anthony Wilson,1976-10-29,M,Phoenix,2026-06-10
803,Dorothy Wilson,1986-11-05,F,Chicago,2005-06-14
804,Donald Wilson,1993-02-06,M,Los Angeles,2014-01-28
805,Lisa Hernandez,1972-08-30,F,Philadelphia,2018-03-28
806,Dorothy Martinez,1966-09-22,F,New York,1999-04-06
807,Daniel Williams,1972-12-24,M,Dallas,1999-03-28
808,Joseph Jones,1969-10-11,M,Houston,1995-10-14
809,Joseph Garcia,1971-06-27,M,San Antonio,1991-02-18
810,Karen Martinez,1990-04-22,F,San Jose,2017-08-19
811,John Lopez,1980-05-29,M,San Antonio,2018-05-12
812,Robert Brown,1960-07-09,M,Houston,1987-02-22
813,Joseph Davis,1978-11-26,M,New York,2021-05-29
814,Richard Garcia,1983-11-22,M,Dallas,2016-08-12
815,Patricia Williams,1973-03-11,F,Los Angeles,2008-09-30
816,Betty Miller,1968-01-04,F,San Antonio,2017-07-22
817,Christopher Garcia,1984-06-03,M,San Diego,2011-03-13
818,Susan Jones,1981-12-28,F,Houston,2023-11-23
819,Karen Lopez,1968-12-20,F,Phoenix,2012-10-16
820,Mary Lopez,1974-02-03,F,Chicago,2014-08-25
821,Anthony Hernandez,1981-04-27,M,Dallas,2002-04-05
822,Barbara Davis,1989-12-03,F,New York,2026-07-11
823,Joseph Martinez,1982-09-04,M,San Antonio,2003-06-11
824,Mary Gonzalez,1981-01-01,F,San Jose,2025-11-07
825,Anthony Brown,1996-12-12,M,Houston,2024-05-19
826,Jennifer Garcia,1981-12-18,F,Dallas,2025-09-22
827,Patricia Miller,1984-04-22,F,San Diego,2017-03-14
828,Linda Jones,1979-07-16,F,San Jose,2023-01-21
829,Matthew Wilson,1957-04-17,M,Houston,1975-12-19
830,Joseph Gonzalez,1980-11-28,M,Chicago,2000-05-12
831,Dorothy Miller,1970-04-08,F,Los Angeles,1995-07-15
832,Richard Garcia,1993-03-01,M,Dallas,2011-05-30
833,Maria Johnson,1994-01-22,F,Philadelphia,2014-08-01
834,Richard Anderson,1997-01-09,M,Philadelphia,2015-01-06
835,Mary Martinez,1994-12-12,F,New York,2024-10-31
836,Lisa Brown,1972-07-20,F,San Diego,1993-06-08
837,Richard Martinez,1979-02-21,M,Philadelphia,2020-01-26
838,Daniel Rodriguez,1977-04-04,M,New York,2003-11-04
839,David Williams,1981-05-03,M,Houston,2016-05-12
840,Lisa Hernandez,1954-04-23,F,Phoenix,2014-11-09
841,Dorothy Gonzalez,1974-05-12,F,Houston,2013-04-18
842,Jennifer Rodriguez,1977-06-27,F,Philadelphia,1995-10-05
843,Daniel Smith,1977-09-21,M,Philadelphia,2026-01-28
844,Richard Lopez,1969-07-23,M,Los Angeles,2012-11-18
845,Daniel Davis,1985-07-05,M,Los Angeles,2011-05-28
846,Maria Lopez,1994-05-31,F,Dallas,2025-09-27
847,Matthew Brown,1972-09-16,M,New York,1993-08-16
848,Elizabeth Davis,1970-04-18,F,Dallas,2015-10-23
849,Lisa Gonzalez,2001-02-13,F,San Antonio,2021-09-18
850,Betty Jones,1985-04-01,F,Dallas,2013-12-13
851,Matthew Wilson,1969-07-04,M,Houston,2017-05-22
852,Nancy Lopez,1976-11-10,F,Philadelphia,2001-06-17
853,Helen Johnson,1984-01-25,F,Chicago,2002-10-03
854,Lisa Wilson,1978-05-28,F,Phoenix,2014-02-08
855,Margaret Wilson,1981-09-15,F,New York,2009-07-16
856,Richard Gonzalez,1969-10-28,M,Houston,2026-07-29
857,William Gonzalez,1980-12-06,M,Dallas,2003-12-23
858,Anthony Miller,1981-12-27,M,New York,2011-03-25
859,William Hernandez,1985-05-24,M,San Diego,2020-12-20
860,Linda Davis,1978-01-31,F,Los Angeles,2025-03-18
861,Mark Williams,1982-07-22,M,Houston,2008-02-19
862,Margaret Hernandez,1976-10-23,F,Dallas,2022-03-06
863,Betty Jones,1981-08-31,F,Phoenix,2021-10-16
864,Margaret Brown,1959-02-21,F,San Jose,1988-05-24
865,Richard Jones,1989-07-22,M,San Diego,2011-06-27
866,Dorothy Hernandez,1971-11-02,F,San Diego,2010-08-08
867,Charles Williams,1987-06-09,M,Houston,2007-06-30
868,Michael Lopez,1998-03-27,M,San Diego,2016-04-06
869,Karen Miller,1990-09-12,F,Houston,2008-09-26
870,Helen Gonzalez,1985-12-22,F,Chicago,2019-05-30
871,Joseph Miller,1962-03-29,M,San Antonio,1989-02-02
872,Richard Johnson,1976-08-18,M,San Jose,2016-08-26
873,Barbara Davis,1980-08-14,F,Dallas,2017-04-26
874,Dorothy Martinez,1994-12-31,F,Los Angeles,2016-01-16
875,Matthew Davis,1947-06-19,M,Phoenix,1988-01-22
876,Barbara Martinez,1970-08-21,F,Phoenix,2018-01-07
877,Elizabeth Miller,1965-05-25,F,Philadelphia,2015-12-03
878,Karen Rodriguez,1959-12-06,F,Phoenix,2004-12-17
879,Mark Rodriguez,1961-02-24,M,Philadelphia,2010-06-26
880,Daniel Anderson,1980-03-08,M,San Diego,2024-01-04
881,Susan Anderson,1963-08-27,F,San Diego,2002-08-27
882,David Wilson,1989-11-19,M,Phoenix,2009-01-28
883,Margaret Lopez,1980-08-16,F,San Diego,2024-04-20
884,Linda Miller,1955-04-10,F,New York,1998-01-24
885,Karen Rodriguez,1995-12-24,F,Chicago,2022-02-26
886,Betty Smith,1986-07-28,F,Phoenix,2023-04-07
887,Daniel Gonzalez,1986-11-04,M,New York,2024-12-24
888,Richard Garcia,1993-03-05,M,San Diego,2014-06-13
889,Patricia Lopez,1974-12-17,F,Los Angeles,2020-02-11
890,Margaret Anderson,1989-10-11,F,San Antonio,2012-12-30
891,Elizabeth Gonzalez,1981-10-07,F,New York,2001-02-20
892,Michael Rodriguez,1971-05-07,M,Phoenix,2014-09-14
893,Donald Martinez,1973-10-24,M,San Jose,2021-09-22
894,Betty Hernandez,1979-11-25,F,Chicago,2016-01-18
895,Donald Anderson,1977-11-18,M,San Antonio,2023-12-08
896,Joseph Johnson,1986-04-01,M,Dallas,2013-03-04
897,Helen Johnson,1992-01-07,F,San Jose,2013-07-09
898,John Gonzalez,1987-09-26,M,San Antonio,2023-01-22
899,Richard Brown,1993-11-01,M,Philadelphia,2017-09-06
900,Robert Hernandez,1970-09-13,M,Dallas,1989-04-28
901,John Hernandez,1984-10-07,M,San Diego,2006-11-14
902,Robert Garcia,1991-08-18,M,San Jose,2013-10-13
903,Lisa Williams,1992-10-04,F,New York,2013-01-15
904,Michael Hernandez,1982-09-16,M,Dallas,2003-01-14
905,David Martinez,1982-01-26,M,Chicago,2021-09-14
906,Susan Smith,1981-05-05,F,San Diego,2014-01-02
907,Linda Martinez,1991-09-21,F,Philadelphia,2016-06-28
908,Susan Hernandez,1985-07-08,F,Dallas,2013-08-11
909,John Hernandez,1994-02-15,M,New York,2020-02-28
910,Mary Hernandez,1989-01-22,F,San Diego,2010-08-29
911,Mark Miller,1983-11-24,M,San Jose,2022-02-16
912,Matthew Gonzalez,1977-06-26,M,San Jose,2009-01-01
913,Maria Garcia,1978-12-25,F,San Diego,2026-01-11
914,David Gonzalez,1971-02-11,M,Los Angeles,2026-03-09
915,Robert Miller,1978-01-08,M,San Diego,2000-05-27
916,Charles Johnson,1983-08-02,M,Los Angeles,2019-07-28
917,Dorothy Smith,1976-06-28,F,Houston,2011-07-26
918,Robert Johnson,1987-05-28,M,Philadelphia,2008-06-13
919,Susan Jones,1954-12-08,F,Los Angeles,1983-12-07
920,Mary Brown,1986-01-18,F,Dallas,2020-12-11
921,Dorothy Rodriguez,1992-11-01,F,San Antonio,2021-11-02
922,Michael Lopez,1973-03-27,M,Phoenix,2005-01-23
923,John Rodriguez,1981-01-05,M,San Antonio,2004-09-15
924,Barbara Rodriguez,1998-09-26,F,Houston,2019-01-22
925,Linda Martinez,1964-05-23,F,San Jose,2024-02-06
926,Patricia Lopez,1976-12-02,F,San Antonio,2024-09-04
927,Jennifer Martinez,2000-08-05,F,Dallas,2024-01-09
928,Thomas Brown,1976-04-27,M,San Jose,1994-10-17
929,Karen Davis,1969-08-13,F,San Diego,2015-01-13
930,Margaret Garcia,1982-08-26,F,San Jose,2014-04-15
931,Mark Miller,1973-02-11,M,Phoenix,2009-09-28
932,Daniel Davis,1952-05-11,M,Phoenix,2011-03-24
933,Richard Gonzalez,1981-02-20,M,San Diego,2001-03-17
934,John Hernandez,1989-01-14,M,Chicago,2023-02-17
935,Robert Martinez,1976-10-02,M,San Diego,2022-07-19
936,Matthew Lopez,1978-05-05,M,Houston,2014-10-20
937,Patricia Rodriguez,1981-12-27,F,San Jose,2017-10-23
938,Nancy Williams,1965-08-12,F,San Diego,1992-02-04
939,Linda Garcia,1966-09-05,F,Philadelphia,1985-12-11
940,Thomas Smith,1991-08-28,M,Phoenix,2015-07-22
941,Daniel Davis,1999-05-25,M,Philadelphia,2023-10-01
942,Anthony Johnson,1981-11-12,M,Philadelphia,2021-05-24
943,Nancy Jones,1967-04-17,F,San Diego,2003-02-08
944,Michael Miller,1975-11-28,M,San Antonio,1995-05-22
945,Patricia Anderson,1992-11-03,F,San Jose,2016-09-21
946,Susan Johnson,1955-02-21,F,Houston,1976-11-04
947,William Johnson,1970-10-08,M,Philadelphia,2011-10-04
948,William Wilson,1993-07-09,M,New York,2023-05-08
949,Jennifer Lopez,1988-01-06,F,Chicago,2016-07-24
950,Margaret Williams,1969-03-23,F,Chicago,2014-10-30
951,Mark Garcia,1973-09-30,M,Philadelphia,2003-01-16
952,Elizabeth Jones,1970-06-18,F,Los Angeles,1991-09-14
953,Daniel Garcia,1967-03-14,M,Chicago,2026-02-17
954,Richard Davis,1991-01-31,M,Los Angeles,2014-05-29
955,Mary Gonzalez,1991-05-26,F,Chicago,2013-08-08
956,Jennifer Brown,1964-02-02,F,New York,2014-06-09
957,Anthony Rodriguez,1976-07-26,M,Philadelphia,2002-07-20
958,Donald Davis,1996-04-23,M,San Jose,2018-12-05
959,Joseph Garcia,1979-01-05,M,Philadelphia,2018-09-07
960,Maria Davis,1982-03-16,F,New York,2009-07-29
961,Michael Johnson,1987-06-13,M,Houston,2016-11-04
962,Joseph Davis,1982-02-04,M,New York,2023-04-24
963,Anthony Lopez,1967-12-23,M,Phoenix,1987-02-22
964,Karen Lopez,1984-11-13,F,Chicago,2011-12-04
965,Charles Davis,1976-02-04,M,Dallas,2012-04-13
966,Christopher Garcia,1990-06-26,M,Philadelphia,2009-02-27
967,Linda Johnson,1984-03-15,F,Dallas,2024-08-11
968,Jennifer Jones,1979-10-03,F,Los Angeles,2002-03-10
969,Richard Smith,1975-06-08,M,New York,2016-01-15
970,Elizabeth Gonzalez,1992-12-15,F,San Antonio,2018-08-02
971,Matthew Lopez,1975-11-09,M,San Jose,2011-08-20
972,Matthew Johnson,1983-01-15,M,Phoenix,2012-08-22
973,Joseph Smith,1979-01-08,M,Dallas,2008-12-23
974,Mark Wilson,1981-03-06,M,Phoenix,2019-07-21
975,Dorothy Garcia,1987-01-22,F,Philadelphia,2014-06-03
976,Elizabeth Hernandez,1973-10-14,F,San Antonio,2009-12-23
977,Karen Johnson,1978-01-09,F,Houston,2003-01-11
978,Patricia Hernandez,1979-10-17,F,Houston,2008-08-05
979,Maria Gonzalez,1975-04-17,F,San Jose,2004-10-12
980,Anthony Williams,1992-05-21,M,Los Angeles,2017-06-04
981,Linda Anderson,1972-11-22,F,Houston,1991-10-19
982,Linda Lopez,1968-04-09,F,San Diego,1993-04-27
983,Lisa Brown,1978-08-16,F,San Diego,2024-06-10
984,Mary Rodriguez,1968-10-11,F,Houston,2002-04-21
985,William Williams,2001-11-05,M,Dallas,2023-12-23
986,Jennifer Rodriguez,1988-10-28,F,San Antonio,2012-02-23
987,Christopher Williams,1970-10-31,M,Chicago,2025-09-17
988,Michael Garcia,1975-02-02,M,Phoenix,2008-06-10
989,Jennifer Rodriguez,1984-03-04,F,Houston,2002-12-07
990,Anthony Miller,1968-03-13,M,New York,1994-05-02
991,Michael Davis,1998-09-18,M,Dallas,2017-05-14
992,Maria Brown,1967-08-24,F,Dallas,1986-01-05
993,David Gonzalez,1989-04-09,M,New York,2025-07-31
994,Robert Miller,1979-07-23,M,Dallas,2018-04-11
995,Michael Hernandez,1996-03-02,M,Los Angeles,2015-02-23
996,Charles Williams,1978-08-16,M,San Diego,2012-03-31
997,Patricia Williams,1988-03-17,F,Houston,2012-08-09
998,David Hernandez,1985-12-17,M,Houston,2004-10-12
999,Barbara Hernandez,1993-04-23,F,New York,2025-09-09
1000,Elizabeth Miller,1978-10-26,F,Houston,2024-02-17
